feature,score
920.67nm_median,147.21917119943953
916.38nm_median,146.5596392838415
918.53nm_median,146.36293784264697
914.24nm_median,145.88103225724174
912.10nm_median,145.31435705513843
924.96nm_median,145.25107881386256
922.82nm_median,144.98593377835118
909.95nm_median,144.9622662274219
907.81nm_median,144.5955308704757
927.10nm_median,143.60926879962702
905.67nm_median,143.46033841621772
903.52nm_median,142.99501517031834
901.38nm_median,142.45332313451536
899.23nm_median,141.30745845165904
897.09nm_median,140.60226356584428
929.25nm_median,140.28738414570546
894.95nm_median,139.78327270255102
892.80nm_median,138.72562636841485
890.66nm_median,137.73251015667614
931.39nm_median,136.62429384039456
888.52nm_median,136.52585482139176
886.37nm_median,135.70595725348483
517.64nm_median,134.76786862033006
884.23nm_median,134.76158869489535
515.49nm_median,134.42179542224892
519.78nm_median,133.91079541555249
882.08nm_median,133.82936300282114
513.35nm_median,133.07339642597873
879.94nm_median,132.84433620199206
521.92nm_median,132.62479182180442
877.80nm_median,132.38139939871607
933.54nm_median,131.74818536014087
875.65nm_median,131.4361882529065
511.20nm_median,131.14800011388817
873.51nm_median,130.89272411799266
871.36nm_median,130.55484240185868
524.07nm_median,130.1593133229276
869.22nm_median,129.96525081340235
867.08nm_median,129.75959759600022
509.06nm_median,129.48601632541602
864.93nm_median,129.41916383877694
862.79nm_median,129.1716929508553
860.65nm_median,128.77124911206846
682.71nm_mean,128.70623870335302
858.50nm_median,128.62217169574006
856.36nm_median,128.13252526908002
935.68nm_median,128.11317536411252
684.85nm_mean,127.86121070787597
680.57nm_mean,127.82532554591383
854.21nm_median,127.62023994088821
852.07nm_median,127.33406390188823
526.21nm_median,127.33063363875544
849.93nm_median,127.04599718612128
847.78nm_median,126.61695515735174
845.64nm_median,126.22688644511918
843.49nm_median,125.71660007668414
687.00nm_mean,125.67287845346769
678.42nm_mean,125.57052562480223
506.92nm_median,125.46931179303189
841.35nm_median,125.02985913841918
839.21nm_median,123.9252828931587
528.35nm_median,123.39118567132618
504.77nm_median,122.95124296839825
689.14nm_mean,122.74174107536555
837.06nm_median,122.64735604023622
676.28nm_mean,122.29225129959977
937.82nm_median,121.86059926429063
834.92nm_median,121.37485771257461
832.78nm_median,120.27372364962338
691.28nm_mean,119.82581836702389
530.50nm_median,119.77128411675022
680.57nm_q25,119.69555457673559
502.63nm_median,119.61073321322307
682.71nm_q25,119.59804610825378
830.63nm_median,119.5883257932242
828.49nm_median,118.97257131565347
674.13nm_mean,118.62762293165912
826.34nm_median,118.55637747385322
824.20nm_median,118.34370895364556
819.91nm_median,117.9685525808758
822.06nm_median,117.94003339687033
817.77nm_median,117.7770154129597
809.19nm_median,117.70506320134368
796.33nm_median,117.67774827773088
792.04nm_median,117.65253459224463
811.34nm_median,117.6466511322445
794.19nm_median,117.64224364462785
798.47nm_median,117.62210978057715
783.47nm_median,117.61593194545245
807.05nm_median,117.60725661144474
804.91nm_median,117.60631211135573
789.90nm_median,117.60016022039076
785.61nm_median,117.59851434618956
800.62nm_median,117.5957750237204
787.76nm_median,117.57052653085503
774.89nm_median,117.56652964162912
815.63nm_median,117.56588408121331
802.76nm_median,117.53409170139976
813.48nm_median,117.52877934646396
777.04nm_median,117.52238755691388
779.18nm_median,117.48236123491874
781.32nm_median,117.47432925768668
684.85nm_q25,117.45411931767201
687.00nm_q25,117.35130650084166
772.75nm_median,117.304073271755
500.48nm_median,117.25764129534444
693.43nm_mean,117.19304186301981
678.42nm_q25,116.9015127225395
770.61nm_median,116.79887893197946
676.28nm_q25,116.3901555442968
768.46nm_median,116.24647292889554
532.64nm_median,116.145226135187
766.32nm_median,115.37943465952156
674.13nm_q25,115.36007853635208
498.34nm_median,115.16783404614335
671.99nm_mean,114.95596671395623
695.57nm_mean,114.8597919900006
764.17nm_median,114.65229399306433
762.03nm_median,113.91076433512728
689.14nm_q25,113.85924250546381
759.89nm_median,113.11098256333749
691.28nm_q25,113.05479040667153
671.99nm_q25,112.87883948797706
697.72nm_mean,112.74437368158388
757.74nm_median,112.46991310716689
496.20nm_median,112.26311056835159
939.97nm_median,112.24362405746436
534.79nm_median,112.21011625531415
755.60nm_median,112.1749641509364
494.05nm_median,111.86081033541308
753.45nm_median,111.66146465328694
669.85nm_mean,111.38443849336109
667.70nm_q25,111.38396191117734
669.85nm_q25,111.38159597833614
699.86nm_mean,110.74016668942701
751.31nm_median,110.7277963438962
749.17nm_median,109.62617348874359
491.91nm_median,108.83924091505578
702.00nm_mean,108.70631848464947
693.43nm_q25,108.67753411776226
747.02nm_median,108.55289833364917
663.41nm_q25,108.43469905813839
665.56nm_q25,108.3590216142394
536.93nm_median,108.34324433272855
942.11nm_median,108.09134120622564
667.70nm_mean,107.86564922203007
489.77nm_median,107.77990406024773
744.88nm_median,107.30865994591176
704.15nm_mean,106.75764025680927
695.57nm_q25,106.19262470202436
742.74nm_median,106.08906563460202
487.62nm_median,105.86324954242615
697.72nm_min,105.7372855045252
539.07nm_median,105.11234865187188
706.29nm_mean,104.89435944459159
740.59nm_median,104.81833411135703
697.72nm_q25,104.6621091046252
661.27nm_q25,104.46140076108688
485.48nm_median,104.25823513228293
665.56nm_mean,104.23895266711264
948.54nm_q25,104.11623020081777
699.86nm_min,103.77232733362588
738.45nm_median,103.5491892804912
699.86nm_q25,103.11446671413017
952.83nm_q25,103.08486722882864
708.43nm_mean,102.96370556255636
476.90nm_median,102.82432966117074
659.13nm_q25,102.60594692026525
736.30nm_median,102.43838335699965
702.00nm_q25,102.00297194383036
695.57nm_min,101.95760813462623
959.26nm_q25,101.92620891587163
541.22nm_median,101.85520366440996
702.00nm_min,101.63034488333192
950.69nm_q25,101.59613485920761
532.64nm_skew,101.59577438027581
734.16nm_median,101.49219036098238
483.33nm_median,101.36367006222963
481.19nm_median,101.1895714522891
656.98nm_q25,101.01827892200414
710.58nm_mean,100.98824409912446
534.79nm_skew,100.94547191934646
530.50nm_skew,100.66227067795494
732.02nm_median,100.65840754988498
663.41nm_mean,100.27147271489589
944.25nm_median,100.23648459363693
682.71nm_median,100.11733935236359
680.57nm_median,100.10763728372086
946.40nm_q25,99.99402070414345
729.87nm_median,99.80629486654999
684.85nm_median,99.8047620631309
678.42nm_median,99.71994919993465
543.36nm_median,99.44291240947922
687.00nm_median,99.23237168779352
676.28nm_median,99.10658239276849
727.73nm_median,99.08023778676562
712.72nm_mean,99.04271934682797
961.40nm_q25,98.8483209405958
536.93nm_skew,98.83949970854088
652.70nm_q25,98.78538444179823
474.76nm_median,98.67663766464713
963.55nm_q25,98.5811403351006
689.14nm_median,98.50095917996025
654.84nm_q25,98.46432140269779
725.59nm_median,98.45441262459418
650.55nm_q25,98.44638643814649
674.13nm_median,98.37088700141062
704.15nm_q25,98.29723095046117
528.35nm_skew,98.18444854295392
723.44nm_median,97.88064844647663
691.28nm_median,97.83400276546406
954.97nm_q25,97.71323906245317
671.99nm_median,97.69088548935514
704.15nm_min,97.61770079330245
706.29nm_q25,97.53328935706934
995.71nm_q25,97.47212610388142
721.30nm_median,97.46552017491825
545.51nm_median,97.3596339868111
693.43nm_median,97.32553606144863
714.87nm_mean,97.25250377546611
479.05nm_median,97.18940340631188
669.85nm_median,97.1052171751953
719.15nm_median,97.08622451485387
695.57nm_median,96.94243517919973
944.25nm_q25,96.88167039297193
717.01nm_median,96.78218338207355
697.72nm_median,96.73120910207109
667.70nm_median,96.58453393243754
714.87nm_median,96.55837151395379
699.86nm_median,96.52937491701657
989.27nm_q25,96.4763956914517
639.83nm_q25,96.47361423508097
702.00nm_median,96.45124919893287
712.72nm_median,96.43846564009013
704.15nm_median,96.37884434558025
710.58nm_median,96.363986598937
706.29nm_median,96.3624031316105
708.43nm_median,96.35024947694174
665.56nm_median,96.13969496341332
661.27nm_mean,96.00098900892738
663.41nm_median,95.81248117208989
708.43nm_q25,95.68412245910085
965.69nm_q25,95.62353129866621
717.01nm_mean,95.59294128047665
547.65nm_median,95.58465489942763
937.82nm_q25,95.56461388074695
661.27nm_median,95.46269566452688
539.07nm_skew,95.35839820420566
957.12nm_q25,95.33356563947777
974.27nm_q25,95.19394588824696
646.26nm_q25,95.10054099647381
659.13nm_median,95.09717053531148
942.11nm_q25,94.97129956592217
648.41nm_q25,94.94249646025983
993.56nm_q25,94.859768178021
656.98nm_median,94.81008225638315
654.84nm_median,94.5745314594221
706.29nm_min,94.56284882855363
637.69nm_q25,94.53255378046701
459.75nm_median,94.52643745492209
652.70nm_median,94.37193455035884
549.79nm_median,94.27658914918048
472.62nm_median,94.27534315890665
641.98nm_q25,94.24343571845581
650.55nm_median,94.24025001549535
526.21nm_skew,94.20627240727381
648.41nm_median,94.16396551664917
644.12nm_q25,94.16259977926526
719.15nm_mean,94.07668634725204
939.97nm_q25,94.05494643234107
646.26nm_median,94.03487351376506
644.12nm_median,93.9341166706756
641.98nm_median,93.83635305690932
639.83nm_median,93.8039547318528
637.69nm_median,93.76395172050718
635.55nm_median,93.62439984958195
635.55nm_q25,93.563908203536
633.40nm_median,93.45678848934409
710.58nm_q25,93.21989269613105
631.26nm_median,93.21255085724849
629.11nm_median,92.93786869005946
551.94nm_median,92.93471810889173
470.47nm_median,92.91632808044595
987.13nm_q25,92.88611172992856
946.40nm_median,92.84462827187436
626.97nm_median,92.70959596163637
721.30nm_mean,92.66961822479435
693.43nm_min,92.5058359108707
976.41nm_q25,92.41912344515845
624.83nm_median,92.41332520383985
622.68nm_median,92.12982837844201
1012.86nm_q25,92.05242557315725
620.54nm_median,91.85743391655485
554.08nm_median,91.80535105354852
659.13nm_mean,91.58792351780014
618.39nm_median,91.50801771394788
1004.28nm_q25,91.41603173266523
633.40nm_q25,91.38180636172207
967.84nm_q25,91.32218272260663
723.44nm_mean,91.26658462868203
616.25nm_median,91.20337504657414
948.54nm_median,91.10349262167308
541.22nm_skew,91.09404070495803
631.26nm_q25,91.05964788194417
556.22nm_median,90.9708762098275
614.11nm_median,90.95085208717147
931.39nm_q25,90.9374507793981
997.85nm_q25,90.93441607354752
466.18nm_median,90.86878661686382
717.01nm_min,90.83971773223466
629.11nm_q25,90.81989827249504
794.19nm_min,90.8082339821368
712.72nm_q25,90.7890545788008
464.04nm_median,90.72675605692169
611.96nm_median,90.71902201135207
933.54nm_q25,90.64319336300208
969.98nm_q25,90.49778245167947
609.82nm_median,90.37367266618412
626.97nm_q25,90.24526959964861
468.33nm_median,90.19373588028179
1010.71nm_q25,90.15137727173675
999.99nm_q25,90.12968946362435
714.87nm_q25,90.10384903527753
708.43nm_min,90.0814750266721
607.68nm_median,90.05934716006612
935.68nm_q25,89.9795261170031
792.04nm_min,89.97832171488596
558.37nm_median,89.96879755898998
725.59nm_mean,89.93524715391284
768.46nm_min,89.77214263261604
717.01nm_q25,89.69212651478821
605.53nm_median,89.66428635538566
691.28nm_min,89.58388954544057
785.61nm_min,89.54718019184435
710.58nm_min,89.45306887050849
603.39nm_median,89.44306747269464
1008.57nm_q25,89.35892676704846
461.90nm_median,89.32859524416767
601.24nm_median,89.31751750247795
892.80nm_min,89.29773390052787
787.76nm_min,89.28425986195397
929.25nm_q25,89.28378595143359
560.51nm_median,89.16080082222604
854.21nm_min,89.12321822099697
599.10nm_median,89.10643003402883
875.65nm_min,89.0437235262928
596.96nm_median,88.98532681775117
594.81nm_median,88.88506350508845
751.31nm_min,88.77818914897823
897.09nm_min,88.74856354626316
864.93nm_min,88.72347894302405
592.67nm_median,88.71273023084389
817.77nm_min,88.69617302935588
727.73nm_mean,88.68286716987222
832.78nm_min,88.60415527201583
1015.00nm_q25,88.58794068598817
562.66nm_median,88.5169907210604
809.19nm_min,88.48639422906732
590.53nm_median,88.47562917794593
924.96nm_q25,88.44563610418662
927.10nm_q25,88.41611167042232
978.56nm_q25,88.35685955837069
828.49nm_min,88.3546661142761
882.08nm_min,88.35390739244893
524.07nm_skew,88.31714924091666
822.06nm_min,88.29020611139833
588.38nm_median,88.2748263058872
918.53nm_q25,88.22250818782261
841.35nm_min,88.20418136025276
860.65nm_min,88.14701051593347
586.24nm_median,88.06386958475842
770.61nm_min,88.02730661893096
584.09nm_median,87.99872737184506
564.80nm_median,87.98434232795027
830.63nm_min,87.96769978249648
796.33nm_min,87.96126290120462
725.59nm_min,87.91020805795884
991.42nm_q25,87.85326035398084
581.95nm_median,87.82498931440911
566.94nm_median,87.70735026816311
579.81nm_median,87.69307529829125
905.67nm_q25,87.69005819529502
804.91nm_min,87.64263547220692
916.38nm_q25,87.62721221216871
888.52nm_min,87.62053376150736
907.81nm_q25,87.57551308806568
577.66nm_median,87.56702727683921
856.36nm_q25,87.55103071702752
575.52nm_median,87.49379542245941
719.15nm_q25,87.47259753550632
909.95nm_q25,87.46593784555127
656.98nm_mean,87.45904699420652
729.87nm_mean,87.4573666492805
419.02nm_median,87.43662866779569
569.09nm_median,87.42594339432759
849.93nm_q25,87.42324350643052
573.37nm_median,87.42179134309349
869.22nm_min,87.41739509992735
890.66nm_q25,87.41643704025485
854.21nm_q25,87.3727361711236
571.23nm_median,87.36743343090086
777.04nm_min,87.33387889175624
862.79nm_q25,87.30070045337564
892.80nm_q25,87.29397194741222
972.12nm_q25,87.26978299459647
815.63nm_min,87.26780370144034
899.23nm_q25,87.2634276129589
800.62nm_min,87.25741475300788
922.82nm_q25,87.24164135389711
920.67nm_q25,87.23892738183291
826.34nm_q25,87.1542316723034
852.07nm_min,87.14966670335221
867.08nm_q25,87.134099102901
897.09nm_q25,87.13083906832411
798.47nm_min,87.11755929316787
852.07nm_q25,87.09884285310555
451.18nm_median,87.08196568000362
858.50nm_q25,87.06332943242883
837.06nm_min,87.04457087048645
860.65nm_q25,87.01902371928281
903.52nm_q25,87.00538905715473
841.35nm_q25,86.99260475201568
813.48nm_q25,86.98823983798884
837.06nm_q25,86.95312168413346
882.08nm_q25,86.95182975664707
894.95nm_q25,86.92343117497576
807.05nm_q25,86.91857727483281
839.21nm_q25,86.91331894975218
847.78nm_q25,86.89853092597076
714.87nm_min,86.89697143399529
912.10nm_q25,86.89607786973359
804.91nm_q25,86.89309435164182
832.78nm_q25,86.8906516798618
869.22nm_q25,86.8776584599934
886.37nm_q25,86.86804868746563
912.10nm_min,86.81053137094727
864.93nm_q25,86.79745693597921
811.34nm_q25,86.79667134967673
543.36nm_skew,86.79312559013393
873.51nm_q25,86.79299700106228
849.93nm_min,86.76979574371553
845.64nm_min,86.74467788767079
828.49nm_q25,86.74327732801783
845.64nm_q25,86.73814720246655
822.06nm_q25,86.73598835707074
802.76nm_q25,86.73492974686404
815.63nm_q25,86.71188802787044
830.63nm_q25,86.6899552056229
834.92nm_q25,86.68327134157322
875.65nm_q25,86.68204677217594
914.24nm_q25,86.6369663168537
871.36nm_q25,86.62288645397376
800.62nm_q25,86.60317712369704
824.20nm_q25,86.59749474417825
817.77nm_q25,86.59577788883031
809.19nm_q25,86.58537577781883
796.33nm_q25,86.54763754751382
901.38nm_q25,86.54037424134042
721.30nm_q25,86.48154822757871
843.49nm_q25,86.4623336719779
789.90nm_min,86.45479219926519
884.23nm_q25,86.44474518414056
819.91nm_q25,86.43307599521434
888.52nm_q25,86.41369423596124
879.94nm_q25,86.40188720612517
802.76nm_min,86.39218155905643
779.18nm_q25,86.37647963849675
774.89nm_q25,86.337487909307
879.94nm_min,86.3214957451436
732.02nm_mean,86.30726806766165
777.04nm_q25,86.25938761468349
792.04nm_q25,86.25755175533831
798.47nm_q25,86.24314827954458
890.66nm_min,86.21757283049504
453.32nm_median,86.21150239146374
794.19nm_q25,86.19300756209806
772.75nm_q25,86.15185969855935
783.47nm_q25,86.14584296729016
922.82nm_min,86.13994011489321
877.80nm_q25,86.13268752859868
862.79nm_min,86.11262376307013
624.83nm_q25,86.06399916331821
770.61nm_q25,86.05160224731127
787.76nm_q25,86.01879389499548
781.32nm_q25,86.01075649175164
732.02nm_min,85.98327306413161
789.90nm_q25,85.9230229727141
785.61nm_q25,85.86206846075369
442.60nm_median,85.81514063521924
622.68nm_q25,85.78919281742613
834.92nm_min,85.7681383535969
813.48nm_min,85.75648406097827
905.67nm_min,85.75538229811671
914.24nm_min,85.6781981511369
871.36nm_min,85.65582618411494
873.51nm_min,85.60322493186757
768.46nm_q25,85.56003385875339
764.17nm_min,85.47436218347761
783.47nm_min,85.44899244927021
884.23nm_min,85.43079246312661
982.84nm_q25,85.42977108589719
779.18nm_min,85.37585638899321
811.34nm_min,85.36003797591816
766.32nm_q25,85.35529678339422
894.95nm_min,85.30550051772754
620.54nm_q25,85.30302553414522
847.78nm_min,85.24507619865214
734.16nm_mean,85.21939363638639
740.59nm_min,85.18848836145786
618.39nm_q25,85.06613193712484
753.45nm_q25,85.02425276546
751.31nm_q25,84.97456139593484
772.75nm_min,84.95469978573412
723.44nm_q25,84.91920190522858
755.60nm_q25,84.88592803187206
446.89nm_median,84.8290161525525
757.74nm_min,84.81518182105711
725.59nm_q25,84.80886382325507
764.17nm_q25,84.74162131028201
736.30nm_min,84.73898008195748
781.32nm_min,84.72600195954064
412.59nm_median,84.70975667194946
457.61nm_median,84.60840799027758
712.72nm_min,84.55277984454625
824.20nm_min,84.54634184134545
980.70nm_q25,84.4746916193901
727.73nm_q25,84.44517949854192
729.87nm_min,84.3937267084302
858.50nm_min,84.35803216393509
762.03nm_min,84.23822522796243
762.03nm_q25,84.23669117754731
1002.14nm_q25,84.21871292900586
719.15nm_min,84.20939736318171
759.89nm_q25,84.19797305618042
807.05nm_min,84.17693771049892
736.30nm_mean,84.15420896190167
916.38nm_min,84.09451388348455
826.34nm_min,84.07829331998119
757.74nm_q25,84.05478968751378
867.08nm_min,84.02614122973505
519.78nm_q25,84.00871819081804
749.17nm_q25,83.96786049573437
747.02nm_q25,83.93580240380282
682.71nm_q75,83.93138427404602
654.84nm_mean,83.89739363528766
843.49nm_min,83.86012058404593
723.44nm_min,83.83131455036904
444.75nm_median,83.729464650725
729.87nm_q25,83.72443038002592
736.30nm_q25,83.71116071613832
734.16nm_q25,83.6684744565811
744.88nm_q25,83.65969850790401
839.21nm_min,83.62679386876657
856.36nm_min,83.51842587317195
440.46nm_median,83.4849884358005
747.02nm_min,83.47482824711891
449.03nm_median,83.46170143809738
734.16nm_min,83.44464638674273
732.02nm_q25,83.43327910667253
740.59nm_q25,83.43190176075527
680.57nm_q75,83.42320339159181
755.60nm_min,83.38553730067142
517.64nm_q25,83.30361676878955
753.45nm_min,83.2182897517541
901.38nm_min,83.1754774223366
742.74nm_q25,83.17229941316491
738.45nm_min,83.08548126386731
684.85nm_q75,83.04122934072377
455.46nm_median,83.00501184982005
738.45nm_mean,82.99492188609496
738.45nm_q25,82.98046076919101
907.81nm_min,82.9612034965664
929.25nm_min,82.88491316495818
749.17nm_min,82.87481545865917
1006.42nm_q25,82.83657896599044
927.10nm_min,82.70037472470608
545.51nm_skew,82.65023799014111
766.32nm_min,82.61208596633504
950.69nm_median,82.51430474576638
774.89nm_min,82.42195824353297
687.00nm_min,82.34355616746828
877.80nm_min,82.331138887351
819.91nm_min,82.28905438052239
721.30nm_min,82.24934498767345
727.73nm_min,82.18695075528277
759.89nm_min,81.98207928661304
886.37nm_min,81.84426671888973
931.39nm_min,81.82269796489561
616.25nm_q25,81.76680381814705
740.59nm_mean,81.7503303471093
678.42nm_q75,81.707982430724
689.14nm_min,81.51235360166916
918.53nm_min,81.4857363158577
524.07nm_q25,81.11707544510995
652.70nm_mean,81.07266444877119
909.95nm_min,81.04994523900966
687.00nm_q75,81.00702338544663
521.92nm_skew,80.94639475823134
920.67nm_min,80.81998218963513
742.74nm_mean,80.48909758588509
899.23nm_min,80.09353801536255
903.52nm_min,80.0597582732978
984.99nm_q25,79.75038012714239
609.82nm_q25,79.69902281630539
742.74nm_min,79.61849828225618
744.88nm_min,79.51376019669118
744.88nm_mean,79.46834378576484
521.92nm_q25,79.32182461133564
676.28nm_q75,79.18491344384148
614.11nm_q25,79.15877133665064
650.55nm_mean,79.1472578428199
423.31nm_median,79.12751933172191
416.88nm_median,79.08432846380512
753.45nm_mean,78.89343437497695
547.65nm_skew,78.84093114033978
438.31nm_median,78.82381011190778
751.31nm_mean,78.79959690869218
747.02nm_mean,78.79835593340678
749.17nm_mean,78.56426714863237
689.14nm_q75,78.42301083326022
total_intensity,78.10061269812603
755.60nm_mean,77.9515497146767
648.41nm_mean,77.93407029333582
421.16nm_median,77.92861950910789
682.71nm_std,77.76321886982176
410.44nm_median,77.7274445029663
526.21nm_q25,77.70563307821837
952.83nm_median,77.40697344844757
680.57nm_std,77.2879182999793
434.03nm_median,77.24871792157558
611.96nm_q25,77.01748569954573
646.26nm_mean,76.95699857365608
427.60nm_median,76.9234010437545
684.85nm_std,76.89097684063931
924.96nm_min,76.7736408377064
637.69nm_mean,76.73490004294938
639.83nm_mean,76.66431462522819
757.74nm_mean,76.47882863426807
674.13nm_q75,76.3508810435227
635.55nm_mean,76.34615991665083
644.12nm_mean,76.28920579049161
641.98nm_mean,76.28199442780817
607.68nm_q25,76.11905635680414
429.74nm_median,76.02411202825971
691.28nm_q75,75.86185039480004
770.61nm_mean,75.74356413173925
954.97nm_median,75.73700534732706
759.89nm_mean,75.73575942404648
768.46nm_mean,75.72448284235084
766.32nm_mean,75.66568243290033
678.42nm_std,75.65498244664084
762.03nm_mean,75.6259337006911
764.17nm_mean,75.61227631525743
633.40nm_mean,75.51763532913644
772.75nm_mean,75.49452626238715
436.17nm_median,75.28445787255777
549.79nm_skew,75.2355808114038
519.78nm_mean,75.15965446298577
687.00nm_std,74.94412662842969
774.89nm_mean,74.94149735384208
517.64nm_mean,74.91980309417275
414.73nm_median,74.89127972019726
425.45nm_median,74.70750011271798
1015.00nm_median,74.63790818783548
631.26nm_mean,74.27268653367342
521.92nm_mean,74.26415771779318
777.04nm_mean,74.20428475032742
987.13nm_median,74.16403893290712
528.35nm_q25,73.74648194814189
671.99nm_q75,73.5737986340518
693.43nm_q75,73.5450098709075
779.18nm_mean,73.50841355396733
1008.57nm_median,73.47086634270939
515.49nm_mean,73.36897019417633
676.28nm_std,73.2437693816666
959.26nm_median,73.24364751238839
1010.71nm_median,73.23476492997584
599.10nm_q25,73.16557044015849
781.32nm_mean,72.87358101443876
629.11nm_mean,72.74217837169064
605.53nm_q25,72.69017252026669
689.14nm_std,72.4236843381761
783.47nm_mean,72.39363773301478
961.40nm_median,72.24898453184727
933.54nm_min,72.20536646458132
524.07nm_mean,72.1635827529148
596.96nm_q25,72.09204440507578
431.88nm_median,72.07983516658422
1004.28nm_median,72.07863599606146
785.61nm_mean,72.03417300043907
519.78nm_skew,71.99197381002158
1006.42nm_median,71.88248030223151
551.94nm_skew,71.77663403839686
974.27nm_median,71.77498328265393
787.76nm_mean,71.76372038527208
695.57nm_q75,71.57843219677373
789.90nm_mean,71.56700686948557
601.24nm_q25,71.55803409823545
792.04nm_mean,71.40558654339922
794.19nm_mean,71.27959771613818
680.57nm_max,71.2726267730385
796.33nm_mean,71.17767706720574
967.84nm_median,71.14976660783684
513.35nm_mean,71.14518540483323
989.27nm_median,71.07397946434783
798.47nm_mean,71.0566022542978
800.62nm_mean,70.9988185145955
626.97nm_mean,70.99403396431981
802.76nm_mean,70.98525377820202
976.41nm_median,70.97951268898571
807.05nm_mean,70.96767375887686
804.91nm_mean,70.96114818008822
669.85nm_q75,70.94968944953203
809.19nm_mean,70.91863529797328
532.64nm_q25,70.8927024698223
408.30nm_median,70.88713396184771
811.34nm_mean,70.79113015264755
813.48nm_mean,70.66161770080635
678.42nm_max,70.6574694876692
684.85nm_max,70.58581947601371
674.13nm_std,70.55663370022431
815.63nm_mean,70.51947294393698
682.71nm_max,70.44279171340906
817.77nm_mean,70.39157133533354
819.91nm_mean,70.23854227196739
822.06nm_mean,70.06066347070586
515.49nm_q25,70.05737984006349
691.28nm_std,69.96142062975106
824.20nm_mean,69.88074282198896
697.72nm_q75,69.8527469509429
957.12nm_median,69.72507515158132
826.34nm_mean,69.69129650495385
594.81nm_q25,69.60934001721381
828.49nm_mean,69.46086323203487
603.39nm_q25,69.30238047745716
1002.14nm_median,69.27095278740326
830.63nm_mean,69.2106089151368
978.56nm_median,69.1242000315943
526.21nm_mean,69.05693472961637
1012.86nm_median,68.99496018871595
624.83nm_mean,68.975665187881
832.78nm_mean,68.87442275635978
963.55nm_median,68.84566095147008
554.08nm_skew,68.74377624626712
687.00nm_max,68.6870643957668
984.99nm_median,68.65286974214109
399.73nm_median,68.50323540112412
667.70nm_q75,68.49232321950109
965.69nm_median,68.43220411576516
834.92nm_mean,68.4151667147363
676.28nm_max,68.35612979643199
972.12nm_median,68.29493960055075
699.86nm_q75,68.24681675751634
511.20nm_mean,68.22344769821159
404.01nm_q75,68.07923164308711
837.06nm_mean,67.91240644036606
671.99nm_std,67.90350997295585
969.98nm_median,67.90029297922537
991.42nm_median,67.89907684158102
517.64nm_q75,67.8607834814152
693.43nm_std,67.7797374806807
588.38nm_q25,67.36402242345713
839.21nm_mean,67.33950016185202
519.78nm_q75,67.10342972307222
406.16nm_median,67.0723319317878
982.84nm_median,66.91022723133402
841.35nm_mean,66.86188775562063
622.68nm_mean,66.86124832768544
980.70nm_median,66.83356862732437
674.13nm_max,66.677435468456
702.00nm_q75,66.64566532729074
384.72nm_median,66.5901123065998
689.14nm_max,66.49665118584956
406.16nm_q75,66.4789281448699
534.79nm_q25,66.42448235706776
382.58nm_median,66.41842126791806
843.49nm_mean,66.41675205794199
592.67nm_q25,66.3744234834049
684.85nm_min,66.31391030722408
393.29nm_median,66.29728051248573
515.49nm_q75,66.23162709421577
521.92nm_q75,66.1761208506935
845.64nm_mean,66.11339148873729
556.22nm_skew,66.10306067256843
665.56nm_q75,66.08383503538646
847.78nm_mean,65.97977723354975
695.57nm_std,65.88082902999174
590.53nm_q25,65.87277668809108
849.93nm_mean,65.85707276762476
852.07nm_mean,65.77163431030723
408.30nm_q75,65.76674195318766
995.71nm_median,65.7552703409428
854.21nm_mean,65.68397487441943
997.85nm_median,65.6611241111634
856.36nm_mean,65.61524189962815
858.50nm_mean,65.50084251667666
669.85nm_std,65.44204465679908
860.65nm_mean,65.37800296944499
528.35nm_mean,65.27512688378545
586.24nm_q25,65.2014824623294
916.38nm_mean,65.18730351689582
862.79nm_mean,65.1850871102289
918.53nm_mean,65.17481254238703
920.67nm_mean,65.16919653457344
704.15nm_q75,65.13711982220234
914.24nm_mean,65.0738153293619
978.56nm_mean,65.07018037280726
401.87nm_median,64.96466827310887
864.93nm_mean,64.96379504654027
912.10nm_mean,64.95382521519537
386.86nm_median,64.9444733323806
922.82nm_mean,64.90899355851322
509.06nm_mean,64.89578305211307
909.95nm_mean,64.80382593982694
404.01nm_median,64.77591887757653
924.96nm_mean,64.7188393248511
901.38nm_mean,64.71865026859322
897.09nm_mean,64.69923036880144
867.08nm_mean,64.69407735719344
907.81nm_mean,64.68321415656084
905.67nm_mean,64.66883915977408
903.52nm_mean,64.65934297991625
620.54nm_mean,64.6390300398197
899.23nm_mean,64.63587461574191
573.37nm_q25,64.61072309639205
993.56nm_median,64.55284394557223
963.55nm_mean,64.53777203189209
999.99nm_median,64.50684946479942
513.35nm_q75,64.49665360179115
391.15nm_median,64.49653597373938
894.95nm_mean,64.48879313970403
927.10nm_mean,64.48420201112262
972.12nm_mean,64.442216141523
869.22nm_mean,64.4142518696615
892.80nm_mean,64.40028137206414
890.66nm_mean,64.28742394775642
871.36nm_mean,64.25366440143803
697.72nm_std,64.22096499774567
888.52nm_mean,64.16983376813138
873.51nm_mean,64.1366006708084
886.37nm_mean,64.12091569631052
929.25nm_mean,64.09471281917405
884.23nm_mean,64.08910512452465
976.41nm_mean,64.05350937863341
877.80nm_mean,64.03963349410748
882.08nm_mean,64.02886536898936
875.65nm_mean,64.02641025839235
524.07nm_q75,63.98879083309121
879.94nm_mean,63.98844882023086
974.27nm_mean,63.9258883642025
682.71nm_min,63.89033366355798
961.40nm_mean,63.75845343802342
706.29nm_q75,63.679507185408454
395.44nm_median,63.672620833929884
931.39nm_mean,63.671667876357255
671.99nm_max,63.65389460968129
984.99nm_mean,63.63265167365091
969.98nm_mean,63.594389832317916
663.41nm_q75,63.592001899846494
584.09nm_q25,63.56867410885921
378.29nm_median,63.53105230039896
995.71nm_mean,63.493406916133296
987.13nm_mean,63.41469447729078
558.37nm_skew,63.351427474393226
980.70nm_mean,63.3405065511127
989.27nm_mean,63.31860208853858
933.54nm_mean,63.200077329860854
691.28nm_max,63.19353184505893
959.26nm_mean,63.151742856014515
530.50nm_q25,63.144751420480034
667.70nm_std,63.119673265060314
982.84nm_mean,63.119594615610936
393.29nm_q75,63.04582726073593
397.58nm_median,62.87918211936515
575.52nm_q25,62.776171523714666
999.99nm_mean,62.73428215314757
935.68nm_mean,62.73415686497714
967.84nm_mean,62.68803581205306
699.86nm_std,62.65148164952772
517.64nm_skew,62.64763227394997
965.69nm_mean,62.61755156567575
669.85nm_max,62.444050000441344
511.20nm_q75,62.407807283216734
1002.14nm_mean,62.38985693550036
993.56nm_mean,62.385047809877264
991.42nm_mean,62.38355982375785
618.39nm_mean,62.30664953680643
708.43nm_q75,62.23597078348274
937.82nm_mean,62.04745716875093
410.44nm_q75,61.982490625668
380.43nm_median,61.88077770254335
1004.28nm_mean,61.8511407156368
957.12nm_mean,61.850572042603694
997.85nm_mean,61.788158572372254
506.92nm_mean,61.69395786159377
376.14nm_mean,61.60673779019523
412.59nm_q75,61.51977383395076
425.45nm_mean,61.45846756368797
1008.57nm_mean,61.45593423959289
412.59nm_mean,61.435923608942474
1015.00nm_mean,61.36931762514017
562.66nm_q25,61.34445056930963
577.66nm_q25,61.30909906575818
530.50nm_mean,61.28702317389933
419.02nm_mean,61.25037942418425
1006.42nm_mean,61.230340731111674
427.60nm_mean,61.19526551958698
939.97nm_mean,61.1591746133966
693.43nm_max,61.1370903413673
702.00nm_std,61.10781865667613
408.30nm_mean,61.100570375025825
543.36nm_q25,61.04548948560371
401.87nm_mean,61.018114542629824
954.97nm_mean,61.00672686092552
661.27nm_q75,60.91711058321621
429.74nm_q75,60.91432763689746
395.44nm_q75,60.89576168610285
380.43nm_mean,60.841040343782716
665.56nm_std,60.83859655327494
406.16nm_mean,60.82124245995502
560.51nm_skew,60.80429144754654
414.73nm_mean,60.798225895535865
581.95nm_q25,60.748280218250066
710.58nm_q75,60.74422175006667
374.00nm_mean,60.68580220864444
404.01nm_mean,60.66396298013812
399.73nm_q75,60.62382586834753
549.79nm_q25,60.60188790996927
952.83nm_mean,60.590983725374606
950.69nm_mean,60.574292604119485
942.11nm_mean,60.564443955958296
423.31nm_mean,60.556743510594444
421.16nm_mean,60.50307546071666
526.21nm_q75,60.45564698479059
539.07nm_q25,60.43140374734099
545.51nm_q25,60.25503987867744
401.87nm_q75,60.235692088540176
944.25nm_mean,60.20212161117909
410.44nm_mean,60.18426895117294
378.29nm_mean,60.179679406624615
948.54nm_mean,60.14979877170951
416.88nm_mean,60.082057330248155
616.25nm_mean,60.02558268462146
695.57nm_max,59.96804657546127
946.40nm_mean,59.967823578104614
382.58nm_mean,59.88809409552768
1010.71nm_mean,59.80241317646534
704.15nm_std,59.63781243260352
399.73nm_mean,59.6156565223577
882.08nm_skew,59.57161602627372
879.94nm_skew,59.55570295470763
877.80nm_skew,59.520738141557025
884.23nm_skew,59.51358015509999
429.74nm_mean,59.50962284064316
667.70nm_max,59.37799524408533
1012.86nm_mean,59.375562752796775
875.65nm_skew,59.34648090696296
712.72nm_q75,59.31479496978638
376.14nm_median,59.233023691601616
431.88nm_mean,59.21832064562799
873.51nm_skew,59.18560364019019
886.37nm_skew,59.10589190912467
871.36nm_skew,58.975031208876885
571.23nm_q25,58.89758755892681
547.65nm_q25,58.866298193009044
397.58nm_mean,58.83269811523959
888.52nm_skew,58.813952360104054
393.29nm_mean,58.813273954021724
391.15nm_mean,58.799295700107706
869.22nm_skew,58.62467588615157
509.06nm_q75,58.60552352768638
867.08nm_skew,58.55309035673731
562.66nm_skew,58.52250617178944
663.41nm_std,58.479284392224116
384.72nm_mean,58.45677161950749
434.03nm_mean,58.45569155151712
890.66nm_skew,58.35570901471599
536.93nm_q25,58.26402631533432
665.56nm_max,58.25902819531778
659.13nm_q75,58.23971667701001
504.77nm_mean,58.23442638968002
706.29nm_std,58.20999100502749
697.72nm_max,58.20590433996404
864.93nm_skew,58.1861926918814
564.80nm_q25,58.142296891029964
554.08nm_q25,58.10145007667649
395.44nm_mean,58.076172437973
374.00nm_median,58.05567127449228
714.87nm_q75,58.02035117728979
513.35nm_q25,57.95132425566569
862.79nm_skew,57.92812037936435
579.81nm_q25,57.82606655906993
551.94nm_q25,57.81484542386863
386.86nm_mean,57.81043703878219
614.11nm_mean,57.78069673742227
436.17nm_mean,57.77157361990407
860.65nm_skew,57.67859845437395
560.51nm_q25,57.66584748210048
558.37nm_q25,57.58599905517932
541.22nm_q25,57.582338591204184
382.58nm_q75,57.51482192737605
892.80nm_skew,57.4579992492354
376.14nm_q75,57.45078566390315
391.15nm_q75,57.42868447552453
556.22nm_q25,57.32497394374319
427.60nm_q75,57.29593104382428
858.50nm_skew,57.25724953457147
532.64nm_mean,57.25459676189821
425.45nm_q75,57.02966587631229
856.36nm_skew,56.96991523667041
717.01nm_q75,56.94652827912274
431.88nm_q75,56.86305586178442
414.73nm_q75,56.85427721165644
708.43nm_std,56.754830872313185
528.35nm_q75,56.74261460404167
389.01nm_mean,56.70151497700501
854.21nm_skew,56.700016558082694
699.86nm_max,56.6982319627813
894.95nm_skew,56.574739458329006
438.31nm_mean,56.46216104570817
378.29nm_q75,56.4377478757698
564.80nm_skew,56.37660870115879
440.46nm_mean,56.31073284979275
852.07nm_skew,56.30449847016532
389.01nm_median,56.22364513927993
849.93nm_skew,56.03727127484082
661.27nm_std,55.996910309896435
719.15nm_q75,55.96898132062449
569.09nm_q25,55.94662200999195
663.41nm_max,55.88227755588576
506.92nm_q75,55.80963592953206
656.98nm_q75,55.738744460229746
847.78nm_skew,55.67204553869838
702.00nm_max,55.6412676005857
380.43nm_q75,55.610072415050894
611.96nm_mean,55.52906875144621
389.01nm_q75,55.50109875265289
845.64nm_skew,55.3137414865289
897.09nm_skew,55.295120614611925
710.58nm_std,55.2640010829788
442.60nm_mean,55.2226097026609
721.30nm_q75,55.15385477560315
502.63nm_mean,55.13718607881328
397.58nm_q75,55.01688230698259
935.68nm_min,54.95022846298464
843.49nm_skew,54.91171102853721
566.94nm_q25,54.81172245372195
704.15nm_max,54.58917169700543
416.88nm_q75,54.528727187491924
566.94nm_skew,54.48626128172551
723.44nm_q75,54.34718698627454
841.35nm_skew,54.2465853066514
384.72nm_q75,54.24368166241158
423.31nm_q75,54.14560935615943
374.00nm_q75,54.09939860680483
436.17nm_q75,54.071927641192985
899.23nm_skew,54.05716008409491
980.70nm_q75,54.02585102731873
434.03nm_q75,53.95472508688705
386.86nm_q75,53.854577823722906
712.72nm_std,53.81780281499856
419.02nm_q75,53.69263893698307
444.75nm_mean,53.67950466272752
725.59nm_q75,53.67675375816092
661.27nm_max,53.65320249048666
654.84nm_q75,53.58349880320863
659.13nm_std,53.49827902269019
839.21nm_skew,53.319508391585074
609.82nm_mean,53.26734250259677
515.49nm_skew,53.25702035636741
534.79nm_mean,53.24677281251256
982.84nm_q75,53.157258671889885
421.16nm_q75,53.1222963934628
680.57nm_min,53.09969961265134
727.73nm_q75,53.067032310783816
1008.57nm_q75,52.91241181303401
706.29nm_max,52.89064522140479
511.20nm_q25,52.781059029924855
500.48nm_mean,52.72847871264789
569.09nm_skew,52.72522689181575
974.27nm_q75,52.70852371962569
446.89nm_mean,52.66860179982004
901.38nm_skew,52.60309742839376
530.50nm_q75,52.560744072574266
729.87nm_q75,52.55829067922541
714.87nm_std,52.4867390897231
504.77nm_q75,52.24183157443928
837.06nm_skew,52.13153151413831
732.02nm_q75,52.04224214524175
652.70nm_q75,51.87118580885263
734.16nm_q75,51.627702307012754
963.55nm_q75,51.594549521656255
440.46nm_q75,51.53383742176251
1015.00nm_q75,51.51138358532669
451.18nm_mean,51.45684696678156
504.77nm_q25,51.44461396299612
659.13nm_max,51.43703080648512
449.03nm_mean,51.416806136877135
937.82nm_min,51.33763637121239
708.43nm_max,51.32562347459564
717.01nm_std,51.29798229591106
736.30nm_q75,51.21109395377438
656.98nm_std,51.17556736134252
903.52nm_skew,51.14495389834809
571.23nm_skew,51.119001484558495
607.68nm_mean,51.08474203602865
984.99nm_q75,51.065853991232665
972.12nm_q75,50.98644754974664
453.32nm_mean,50.87089784257864
738.45nm_q75,50.80407131935155
834.92nm_skew,50.7878705884226
978.56nm_q75,50.72106005177477
1004.28nm_q75,50.67970768575785
438.31nm_q75,50.65888782736825
650.55nm_q75,50.62838462313394
498.34nm_mean,50.578466447016595
509.06nm_q25,50.49314952005746
740.59nm_q75,50.371126561882896
710.58nm_max,50.342340566957766
719.15nm_std,50.22901818726172
442.60nm_q75,50.20459431597087
1006.42nm_q75,50.20050339455917
993.56nm_q75,50.151015731152704
976.41nm_q75,50.14782078056611
502.63nm_q75,50.125385471601895
496.20nm_q25,50.11552827394789
997.85nm_q75,49.92682065466402
987.13nm_q75,49.842936726138426
742.74nm_q75,49.838846910562424
832.78nm_skew,49.802980426430636
648.41nm_q75,49.78674904940789
455.46nm_mean,49.720491974107354
573.37nm_skew,49.71525609857938
714.87nm_max,49.5698722913635
536.93nm_mean,49.55542659170209
753.45nm_q75,49.47445553954305
905.67nm_skew,49.46790637113296
446.89nm_q75,49.43587337796811
744.88nm_q75,49.38255016577315
496.20nm_mean,49.31872896758757
721.30nm_std,49.28248771745462
751.31nm_q75,49.273768305639095
374.00nm_std,49.27215824450318
459.75nm_mean,49.251193574584754
991.42nm_q75,49.2351280461891
967.84nm_q75,49.220445395159864
1002.14nm_q75,49.2034617311638
654.84nm_std,49.16451798486664
747.02nm_q75,49.129579480151634
605.53nm_mean,49.114349478902604
830.63nm_skew,49.10047373843992
749.17nm_q75,49.09504976744204
1012.86nm_q75,49.030346097308026
712.72nm_max,49.024133703906855
646.26nm_q75,48.986636473747176
506.92nm_q25,48.9357180704429
755.60nm_q75,48.861096585851584
449.03nm_q75,48.76166863720423
989.27nm_q75,48.75973911751783
457.61nm_mean,48.70464852103135
656.98nm_max,48.68635348975551
828.49nm_skew,48.53305988996156
969.98nm_q75,48.52859865031115
444.75nm_q75,48.523408771704254
532.64nm_q75,48.502160320932944
575.52nm_skew,48.49101030956335
717.01nm_max,48.481998566764155
723.44nm_std,48.375959817603615
999.99nm_q75,48.338285467335105
639.83nm_q75,48.32942363324304
644.12nm_q75,48.32103624066265
637.69nm_q75,48.27625969518126
1010.71nm_q75,48.20972759340296
494.05nm_mean,48.19370251615538
641.98nm_q75,48.16476151066937
907.81nm_skew,48.15354831828453
826.34nm_skew,48.15264560853538
461.90nm_mean,48.07337186278216
961.40nm_q75,47.966194805474025
635.55nm_q75,47.946365728988745
757.74nm_q75,47.85414555556657
824.20nm_skew,47.803911325148704
500.48nm_q75,47.797965513643994
995.71nm_q75,47.556802251975114
725.59nm_std,47.550692929187434
652.70nm_std,47.545786185154704
464.04nm_mean,47.534238543703665
822.06nm_skew,47.50503600296056
603.39nm_mean,47.44814125233761
491.91nm_mean,47.421630377597175
819.91nm_skew,47.35192213157129
633.40nm_q75,47.34539150228504
577.66nm_skew,47.343598209382264
759.89nm_q75,47.28431055361225
719.15nm_max,47.282096607179106
768.46nm_q75,47.24137147664197
762.03nm_q75,47.232663701195946
766.32nm_q75,47.21501140798969
770.61nm_q75,47.20820709977722
723.44nm_max,47.19319778332992
764.17nm_q75,47.156904717470475
817.77nm_skew,47.111162390293785
502.63nm_q25,47.10627157297502
466.18nm_mean,46.98298549298723
815.63nm_skew,46.941489696240474
772.75nm_q75,46.92934347463808
489.77nm_mean,46.883228023151545
813.48nm_skew,46.83758056829455
727.73nm_std,46.77703229837126
959.26nm_q75,46.765666322254695
909.95nm_skew,46.74577346115345
811.34nm_skew,46.73291813147945
809.19nm_skew,46.679091909337586
468.33nm_mean,46.602203403362374
678.42nm_min,46.55207535489023
654.84nm_max,46.54609816805048
807.05nm_skew,46.517941394096106
774.89nm_q75,46.45564724556403
470.47nm_mean,46.4383808392411
631.26nm_q75,46.43393856003813
721.30nm_max,46.41141875107901
650.55nm_std,46.39312702188285
579.81nm_skew,46.36141035527139
494.05nm_q25,46.34030468063239
804.91nm_skew,46.33995401371584
472.62nm_mean,46.32425971934562
802.76nm_skew,46.29110712105724
539.07nm_mean,46.23403692527123
498.34nm_q75,46.17209623797926
800.62nm_skew,46.16602659241435
487.62nm_mean,46.153167761144516
965.69nm_q75,46.12295433842637
798.47nm_skew,46.080145730389894
796.33nm_skew,46.080103057539795
729.87nm_std,46.03379519661191
601.24nm_mean,46.01089234013194
794.19nm_skew,46.0055056951376
451.18nm_q75,45.96440962515132
792.04nm_skew,45.92188261571428
789.90nm_skew,45.87799043038625
474.76nm_mean,45.84895260141973
519.78nm_std,45.82383108339141
787.76nm_skew,45.76466697574588
777.04nm_q75,45.744104478446445
376.14nm_std,45.71696501275739
785.61nm_skew,45.713899927472156
485.48nm_mean,45.630670576354504
783.47nm_skew,45.62684511310271
476.90nm_mean,45.61871207815424
912.10nm_skew,45.58625029201019
727.73nm_max,45.57981573550843
648.41nm_std,45.578401349978876
521.92nm_std,45.53963083805387
481.19nm_mean,45.47212407250635
781.32nm_skew,45.46247248086896
629.11nm_q75,45.46176715420021
725.59nm_max,45.44646952330326
581.95nm_skew,45.42988759637494
779.18nm_skew,45.32633764162865
732.02nm_std,45.32464831993223
652.70nm_max,45.32124376014507
479.05nm_mean,45.312130793592374
491.91nm_q25,45.29475291073735
777.04nm_skew,45.20769578317884
483.33nm_mean,45.163893350441946
517.64nm_std,45.13547824498604
779.18nm_q75,45.088943278858196
676.28nm_min,45.058310726362556
774.89nm_skew,45.02940545636004
513.35nm_skew,44.89019514014468
646.26nm_std,44.79582288771705
772.75nm_skew,44.78821974284018
599.10nm_mean,44.70039625264697
732.02nm_max,44.69349938242462
734.16nm_std,44.66061342860004
729.87nm_max,44.644335363653695
459.75nm_q75,44.63234261306622
914.24nm_skew,44.523419844335024
584.09nm_skew,44.51602150210819
781.32nm_q75,44.50421750242531
534.79nm_q75,44.44887148086838
498.34nm_q25,44.385649180768006
770.61nm_skew,44.36476286093976
524.07nm_std,44.31375273978887
626.97nm_q75,44.30796605249477
496.20nm_q75,44.2434289727329
644.12nm_std,44.15346949159601
650.55nm_max,44.07694219514959
783.47nm_q75,44.03326829281186
639.83nm_std,44.029358217293336
736.30nm_std,43.99741533043076
637.69nm_std,43.96676709873039
641.98nm_std,43.953147202311015
768.46nm_skew,43.790469113829396
586.24nm_skew,43.69635618576186
785.61nm_q75,43.67527666620011
596.96nm_mean,43.62782312987139
515.49nm_std,43.62649050792853
635.55nm_std,43.60054705881936
541.22nm_mean,43.45096766800593
453.32nm_q75,43.45063274950307
939.97nm_min,43.41087618166337
787.76nm_q75,43.359198548210614
738.45nm_std,43.299938958539165
766.32nm_skew,43.26894715872088
916.38nm_skew,43.15828401918169
734.16nm_max,43.13918943701868
789.90nm_q75,43.08398054865282
624.83nm_q75,43.04375128931033
633.40nm_std,42.976411256882706
792.04nm_q75,42.84656191609507
588.38nm_skew,42.8364747538881
736.30nm_max,42.7854956184251
764.17nm_skew,42.7146945571485
455.46nm_q75,42.71419097956043
594.81nm_mean,42.65948382711062
794.19nm_q75,42.6257709874835
740.59nm_std,42.52620447555373
648.41nm_max,42.46244840593606
796.33nm_q75,42.4002238786252
526.21nm_std,42.28976891677778
957.12nm_q75,42.27466705766569
798.47nm_q75,42.26384434567043
762.03nm_skew,42.22347700348605
631.26nm_std,42.13183333045653
646.26nm_max,42.101101519842636
918.53nm_skew,42.08559017789946
800.62nm_q75,42.07607424518533
590.53nm_skew,42.05962234252425
466.18nm_q75,42.05054091844921
500.48nm_q25,42.018130660963166
489.77nm_q75,42.01110005764422
494.05nm_q75,41.98859351517458
802.76nm_q75,41.92692578405742
918.53nm_q75,41.85393284585668
468.33nm_q75,41.794135732533036
804.91nm_q75,41.75189659546138
461.90nm_q75,41.75138144701855
637.69nm_max,41.703538034900106
592.67nm_mean,41.70192379428671
920.67nm_q75,41.69847068525365
738.45nm_max,41.697658668178455
622.68nm_q75,41.688642465377896
742.74nm_std,41.682416347217796
457.61nm_q75,41.651298468110355
807.05nm_q75,41.65076487716997
759.89nm_skew,41.63679228794554
922.82nm_q75,41.6268288732954
916.38nm_q75,41.60247179770582
924.96nm_q75,41.57655549983714
809.19nm_q75,41.536934426529115
491.91nm_q75,41.423829385651565
811.34nm_q75,41.40056003662575
487.62nm_q75,41.385143770842234
592.67nm_skew,41.372353564969984
740.59nm_max,41.35385808885804
513.35nm_std,41.33952816282563
927.10nm_q75,41.26491595232431
644.12nm_max,41.25502539796485
464.04nm_q75,41.218642044160866
641.98nm_max,41.21261081215298
639.83nm_max,41.16770401411599
813.48nm_q75,41.15737033388767
629.11nm_std,41.14203492230494
543.36nm_mean,41.136938003017335
912.10nm_q75,41.06272939985512
757.74nm_skew,41.05595746948835
815.63nm_q75,41.036811192694785
914.24nm_q75,41.014228484204125
929.25nm_q75,40.999808403427785
920.67nm_skew,40.94131382465622
376.14nm_skew,40.93501087149928
817.77nm_q75,40.93224986006225
485.48nm_q75,40.9209182535434
744.88nm_std,40.88272512119284
931.39nm_q75,40.80398513020798
755.60nm_skew,40.7608066965364
590.53nm_mean,40.76009286159744
476.90nm_q75,40.756976890500994
819.91nm_q75,40.73540324869922
594.81nm_skew,40.67109252728463
822.06nm_q75,40.65661139012521
635.55nm_max,40.648144340980686
536.93nm_q75,40.63997606089478
472.62nm_q75,40.626057574396704
631.26nm_max,40.582788427147854
824.20nm_q75,40.52435080456276
633.40nm_max,40.515515466694296
907.81nm_q75,40.501199162473505
753.45nm_skew,40.45000416324716
826.34nm_q75,40.378741665417834
909.95nm_q75,40.34891225141758
620.54nm_q75,40.30287394105067
828.49nm_q75,40.288529451684646
747.02nm_std,40.21430979393004
483.33nm_q75,40.196848740792255
830.63nm_q75,40.17728112058669
905.67nm_q75,40.04447897452961
626.97nm_std,40.04290103477122
933.54nm_q75,40.039136591971356
901.38nm_q75,40.029689261993354
489.77nm_q25,40.02552717113555
903.52nm_q75,40.011508107092055
596.96nm_skew,39.98962844818305
832.78nm_q75,39.98794314906912
479.05nm_q75,39.9019101038515
935.68nm_q75,39.86034038005304
674.13nm_min,39.857506780820884
834.92nm_q75,39.79677986601214
588.38nm_mean,39.79558818423546
528.35nm_std,39.79433944201688
749.17nm_std,39.750611138942915
742.74nm_max,39.741546659764566
470.47nm_q75,39.73312593294153
751.31nm_skew,39.732680319299234
897.09nm_q75,39.67006079767374
899.23nm_q75,39.65553540966357
481.19nm_q75,39.650572282245804
837.06nm_q75,39.633801628582845
922.82nm_skew,39.60300322064144
751.31nm_std,39.54830985767395
839.21nm_q75,39.39203331192066
950.69nm_q75,39.381838004591735
952.83nm_q75,39.36846233084198
753.45nm_std,39.3204600966188
599.10nm_skew,39.28252251652128
545.51nm_mean,39.26408346220366
841.35nm_q75,39.191483708611955
894.95nm_q75,39.17572532935456
378.29nm_std,39.09454166954724
629.11nm_max,39.030454033309105
937.82nm_q75,39.00145130110112
744.88nm_max,38.9715538093724
892.80nm_q75,38.9519912489273
474.76nm_q75,38.929396464906304
618.39nm_q75,38.91708843598723
749.17nm_skew,38.90681507614798
586.24nm_mean,38.90570218424702
843.49nm_q75,38.884804301809375
624.83nm_std,38.80951600473067
669.85nm_min,38.758346580618706
939.97nm_q75,38.756762357327744
845.64nm_q75,38.65131106461379
511.20nm_std,38.60467398028421
890.66nm_q75,38.59380424439713
601.24nm_skew,38.56805479471214
847.78nm_q75,38.54715353902497
954.97nm_q75,38.53367333562866
849.93nm_q75,38.51889269567089
755.60nm_std,38.50600833912029
852.07nm_q75,38.44900290100094
747.02nm_max,38.43692838270634
854.21nm_q75,38.41690143385705
888.52nm_q75,38.36032348593824
856.36nm_q75,38.32262100848229
860.65nm_q75,38.218248804823986
487.62nm_q25,38.16305490573806
584.09nm_mean,38.13340546784082
858.50nm_q75,38.11590159036588
924.96nm_skew,38.10002965125568
886.37nm_q75,38.07959240318572
747.02nm_skew,38.067677654929035
862.79nm_q75,38.024811332776984
884.23nm_q75,37.95623400550471
603.39nm_skew,37.9427750560912
864.93nm_q75,37.876800616841685
882.08nm_q75,37.814393859164404
867.08nm_q75,37.73791712843955
547.65nm_mean,37.71695594729111
511.20nm_skew,37.71634933123747
749.17nm_max,37.698883283083624
942.11nm_q75,37.63128628086699
879.94nm_q75,37.62039456163618
877.80nm_q75,37.56713784978268
875.65nm_q75,37.55983117380416
616.25nm_q75,37.535548098477946
869.22nm_q75,37.530544468888095
622.68nm_std,37.52248604708285
873.51nm_q75,37.51709479245003
871.36nm_q75,37.50871608562239
539.07nm_q75,37.398278698776075
605.53nm_skew,37.39329787651802
757.74nm_std,37.33642738035476
581.95nm_mean,37.33331440209207
744.88nm_skew,37.2019997527445
530.50nm_std,37.1053607423804
626.97nm_max,37.014438231507924
944.25nm_q75,36.97472005782181
607.68nm_skew,36.89520070053103
382.58nm_skew,36.69267069616191
927.10nm_skew,36.61085371470193
759.89nm_std,36.54636703148327
946.40nm_q75,36.53930475170809
948.54nm_q75,36.53180313178199
579.81nm_mean,36.52356566487487
609.82nm_skew,36.48647962290414
751.31nm_max,36.477210915557606
549.79nm_mean,36.43680621965781
742.74nm_skew,36.37410791553966
614.11nm_q75,36.28884589001715
620.54nm_std,36.187570202190415
762.03nm_std,36.14265363740944
611.96nm_skew,36.07560455210047
764.17nm_std,35.78599730117344
755.60nm_max,35.757119484243624
577.66nm_mean,35.744013651538346
624.83nm_max,35.69700153733692
614.11nm_skew,35.66978694916642
753.45nm_max,35.584422394235126
740.59nm_skew,35.5402023250074
485.48nm_q25,35.52027412082717
509.06nm_std,35.495035240322764
766.32nm_std,35.460113181403386
551.94nm_mean,35.36122146338944
616.25nm_skew,35.29702603657097
929.25nm_skew,35.21813656714317
768.46nm_std,35.144496928784825
611.96nm_q75,35.02980009316361
575.52nm_mean,34.94692854460917
618.39nm_skew,34.93071954879359
618.39nm_std,34.87569375862631
738.45nm_skew,34.806203292439434
770.61nm_std,34.767865726347566
622.68nm_max,34.75366632178364
671.99nm_min,34.66881015907325
620.54nm_skew,34.623774977909505
757.74nm_max,34.521842742964054
541.22nm_q75,34.46510970941928
554.08nm_mean,34.38325493244166
532.64nm_std,34.37942186805184
622.68nm_skew,34.372046364201715
772.75nm_std,34.219455166599985
736.30nm_skew,34.215772926826276
573.37nm_mean,34.135390961520784
624.83nm_skew,34.125404366405924
626.97nm_skew,33.93488328999754
931.39nm_skew,33.80938689520777
629.11nm_skew,33.75276836020966
609.82nm_q75,33.74060431636218
759.89nm_max,33.736352470981835
734.16nm_skew,33.70464112333414
384.72nm_skew,33.6747528100614
556.22nm_mean,33.5926476664421
616.25nm_std,33.587915898214085
631.26nm_skew,33.58222381095416
774.89nm_std,33.49424229962894
633.40nm_skew,33.46568614683408
766.32nm_max,33.46201161792826
380.43nm_std,33.42807024095189
571.23nm_mean,33.40453846106467
635.55nm_skew,33.34357815303291
620.54nm_max,33.31975419021724
764.17nm_max,33.31807889859184
732.02nm_skew,33.272990923811335
637.69nm_skew,33.24236662001686
639.83nm_skew,33.191483587958736
942.11nm_min,33.17014635401414
641.98nm_skew,33.124534338832845
762.03nm_max,33.112292068938224
644.12nm_skew,33.02315810134409
558.37nm_mean,33.014711205969085
729.87nm_skew,32.919214980548766
646.26nm_skew,32.87614484941676
569.09nm_mean,32.870889778061674
933.54nm_skew,32.74252691738489
648.41nm_skew,32.67366141300457
777.04nm_std,32.656255042059634
560.51nm_mean,32.60385217225863
727.73nm_skew,32.58848222896941
607.68nm_q75,32.51917054248318
566.94nm_mean,32.51025704861717
650.55nm_skew,32.489703231552966
506.92nm_std,32.41468304902086
562.66nm_mean,32.39606334430983
614.11nm_std,32.35610600726054
652.70nm_skew,32.35123142803483
564.80nm_mean,32.348088783849846
725.59nm_skew,32.32346910404194
654.84nm_skew,32.207753636104286
618.39nm_max,32.17321607310037
483.33nm_q25,32.118909208770326
723.44nm_skew,32.11021523390585
656.98nm_skew,32.09227083455522
543.36nm_q75,32.08076292147538
481.19nm_q25,32.06207798283978
479.05nm_q25,32.06207798283978
770.61nm_max,31.99986658875924
659.13nm_skew,31.98959408425193
721.30nm_skew,31.92945555671218
661.27nm_skew,31.89580108368944
779.18nm_std,31.834404094372818
663.41nm_skew,31.82697327430187
719.15nm_skew,31.791826997197557
665.56nm_skew,31.758391027439536
509.06nm_skew,31.730424082575205
534.79nm_std,31.712008801357428
667.70nm_skew,31.694061375485433
768.46nm_max,31.683910237857503
717.01nm_skew,31.680631289487547
772.75nm_max,31.675444225890427
669.85nm_skew,31.64816372036844
935.68nm_skew,31.61422539634119
671.99nm_skew,31.602691869920562
714.87nm_skew,31.585226706994213
674.13nm_skew,31.57312137035721
676.28nm_skew,31.563030323094747
712.72nm_skew,31.536839567569793
678.42nm_skew,31.526118181609046
680.57nm_skew,31.515178075118037
682.71nm_skew,31.505129101557745
684.85nm_skew,31.476571626457154
710.58nm_skew,31.473840870834096
687.00nm_skew,31.45789951036108
708.43nm_skew,31.423981353696636
689.14nm_skew,31.41784265789922
605.53nm_q75,31.402328092988036
706.29nm_skew,31.383256896513014
691.28nm_skew,31.381541001792606
693.43nm_skew,31.37002018098366
695.57nm_skew,31.340215666301
704.15nm_skew,31.334104328779663
774.89nm_max,31.3164915737378
697.72nm_skew,31.312678434635377
699.86nm_skew,31.30953271189642
702.00nm_skew,31.302602920323036
476.90nm_q25,31.17860851192493
611.96nm_std,31.15116750179222
781.32nm_std,31.10398316723612
777.04nm_max,30.663198343874345
779.18nm_max,30.65727600032076
937.82nm_skew,30.652370917459564
414.73nm_std,30.621658636401943
412.59nm_std,30.564662381039053
419.02nm_std,30.520897323675374
783.47nm_std,30.486518081543096
603.39nm_q75,30.464651592269558
416.88nm_std,30.337339144683092
545.51nm_q75,30.19992202378612
616.25nm_max,30.076058965249533
785.61nm_std,29.984429656904965
609.82nm_std,29.954184197703533
421.16nm_std,29.92598970513194
781.32nm_max,29.897285970234105
410.44nm_std,29.72446823286944
423.31nm_std,29.682332492874295
601.24nm_q75,29.615357761568035
787.76nm_std,29.55493923679584
783.47nm_max,29.50678891801627
504.77nm_std,29.406298667463147
470.47nm_q25,29.404184467179476
425.45nm_std,29.2882421130124
536.93nm_std,29.257560387667723
939.97nm_skew,29.229273421269948
789.90nm_std,29.167958366260166
408.30nm_std,29.08149905347227
599.10nm_q75,28.852505618171346
792.04nm_std,28.82058792180761
607.68nm_std,28.797868404300264
614.11nm_max,28.71399609221351
391.15nm_skew,28.699082280489694
785.61nm_max,28.668809693154934
427.60nm_std,28.620284375428632
393.29nm_skew,28.579119112717876
547.65nm_q75,28.551060423917395
787.76nm_max,28.5420875510184
794.19nm_std,28.50703434241989
796.33nm_std,28.209964621518356
596.96nm_q75,28.198785247343405
798.47nm_max,28.122515446994765
406.16nm_std,27.95352055825378
798.47nm_std,27.940319662374495
804.91nm_max,27.896810380581197
807.05nm_max,27.85494917946136
942.11nm_skew,27.83244035231891
382.58nm_std,27.80364614036014
792.04nm_max,27.766741689116117
389.01nm_skew,27.75634991469285
605.53nm_std,27.74871904926645
800.62nm_max,27.716564893052528
611.96nm_max,27.686713026874312
800.62nm_std,27.680061149275527
796.33nm_max,27.672650629052516
594.81nm_q75,27.604928635763535
802.76nm_std,27.437015923971785
789.90nm_max,27.39333878430518
429.74nm_std,27.34777243499919
804.91nm_std,27.234966165447442
794.19nm_max,27.18243953260805
667.70nm_min,27.179068688491427
1015.00nm_skew,27.15419764786762
549.79nm_q75,27.115532011658544
539.07nm_std,27.09670664947835
807.05nm_std,27.03639977189585
472.62nm_q25,26.998899903789948
592.67nm_q75,26.964333441489497
809.19nm_max,26.945416334608144
802.76nm_max,26.91223099521009
809.19nm_std,26.828749402655237
603.39nm_std,26.82738946494124
506.92nm_skew,26.80172898804262
431.88nm_std,26.780247748873723
502.63nm_std,26.70752881065997
811.34nm_std,26.618398636308267
944.25nm_skew,26.56049748301566
404.01nm_std,26.53251446150451
813.48nm_std,26.399025066241148
395.44nm_skew,26.379449901841003
590.53nm_q75,26.334165053257607
474.76nm_q25,26.30517310666769
815.63nm_std,26.199983264636302
434.03nm_std,26.171446293351337
397.58nm_skew,26.128620109512358
399.73nm_skew,26.11945946034882
819.91nm_max,26.078114372173697
811.34nm_max,26.035360517683568
601.24nm_std,26.008919206879852
817.77nm_std,25.98817571374067
551.94nm_q75,25.909675780304767
822.06nm_max,25.85680432578784
819.91nm_std,25.7697566242736
609.82nm_max,25.71307523507601
588.38nm_q75,25.638864708091237
817.77nm_max,25.62251978250855
665.56nm_min,25.583923830936058
813.48nm_max,25.56937413291579
822.06nm_std,25.555679506484896
815.63nm_max,25.43484876940258
436.17nm_std,25.356918640353168
824.20nm_std,25.336590730364257
541.22nm_std,25.29241588525455
599.10nm_std,25.221211009354317
826.34nm_std,25.117662657815337
586.24nm_q75,25.063420038234455
824.20nm_max,24.957268463448504
946.40nm_skew,24.930629144981978
401.87nm_skew,24.9242478067455
607.68nm_max,24.918099694678144
401.87nm_std,24.88076650040269
828.49nm_std,24.86974839602524
828.49nm_max,24.847419141987316
554.08nm_q75,24.757842534688347
500.48nm_std,24.6627865548521
438.31nm_std,24.61044258700742
830.63nm_std,24.60771381934505
584.09nm_q75,24.604669427822273
596.96nm_std,24.554120420786166
1012.86nm_skew,24.54676880803597
663.41nm_min,24.52843840917336
1015.00nm_std,24.307314546627435
832.78nm_std,24.30574698338531
826.34nm_max,24.184790218422503
581.95nm_q75,24.121790151201797
404.01nm_skew,23.991187101128325
834.92nm_std,23.932975682930408
594.81nm_std,23.924259126232606
440.46nm_std,23.901938177722606
556.22nm_q75,23.897276625111513
543.36nm_std,23.80183857220116
579.81nm_q75,23.664224175372784
830.63nm_max,23.463549190908083
837.06nm_std,23.45132443989989
832.78nm_max,23.321833136332295
592.67nm_std,23.27544560597661
834.92nm_max,23.23004098001857
577.66nm_q75,23.221799084723184
384.72nm_std,23.214959106405445
948.54nm_skew,23.182274193611637
1010.71nm_skew,23.169973571290114
558.37nm_q75,23.13388177157926
399.73nm_std,23.057360195497495
442.60nm_std,23.028495593221788
605.53nm_max,22.99697546794438
839.21nm_std,22.93002501892579
498.34nm_std,22.925093477653213
504.77nm_skew,22.858907760874725
575.52nm_q75,22.821917250771712
1012.86nm_std,22.638339989281448
590.53nm_std,22.605161255014107
545.51nm_std,22.577641984816736
560.51nm_q75,22.524058077398873
841.35nm_std,22.44092366451522
837.06nm_max,22.40898481170011
573.37nm_q75,22.36739340864969
562.66nm_q75,22.11499285876697
571.23nm_q75,22.038975092256027
661.27nm_min,22.024866536078484
843.49nm_std,22.02431770367863
444.75nm_std,21.969077470575105
603.39nm_max,21.921222720560884
588.38nm_std,21.904979368784048
564.80nm_q75,21.823688123210136
569.09nm_q75,21.8172112275894
566.94nm_q75,21.709729739543004
496.20nm_std,21.699979402857313
845.64nm_std,21.695963637840826
1010.71nm_std,21.67485462969061
464.04nm_q25,21.660581052071926
547.65nm_std,21.541702048575647
1008.57nm_skew,21.481175829789194
847.78nm_std,21.41312241442102
397.58nm_std,21.365611828251343
446.89nm_std,21.337711613284768
1008.57nm_std,21.287190828668365
586.24nm_std,21.265261070596186
950.69nm_skew,21.184092460392044
839.21nm_max,21.162824074342947
849.93nm_std,21.16093220000397
852.07nm_std,20.95500743971497
601.24nm_max,20.914499975440407
944.25nm_min,20.865761155624142
494.05nm_std,20.77041217813317
854.21nm_std,20.72220886071188
584.09nm_std,20.714313983481386
466.18nm_q25,20.625895226289813
549.79nm_std,20.623953013745325
1006.42nm_skew,20.55517061841777
856.36nm_std,20.50366648249582
386.86nm_std,20.50252852615756
449.03nm_std,20.437351127607798
858.50nm_std,20.287128345503977
581.95nm_std,20.188750320074433
845.64nm_max,20.156899123154666
599.10nm_max,20.09161386249665
491.91nm_std,20.042838149449256
860.65nm_std,20.04203678593805
1006.42nm_std,20.018312500265942
502.63nm_skew,19.97252545457415
395.44nm_std,19.867687534262704
451.18nm_std,19.84290253752007
410.44nm_skew,19.827900566321695
862.79nm_std,19.81165740803333
551.94nm_std,19.7988011817027
841.35nm_max,19.69109628270872
579.81nm_std,19.68033146726438
1004.28nm_skew,19.608365013630138
864.93nm_std,19.566721829975236
393.29nm_std,19.534619621316228
843.49nm_max,19.416149943497707
489.77nm_std,19.41245380847913
406.16nm_skew,19.341084027025204
867.08nm_std,19.3163487458652
1004.28nm_std,19.28572466642913
847.78nm_max,19.23690231619962
577.66nm_std,19.194096561471067
453.32nm_std,19.168258752830763
869.22nm_std,19.10751046816145
849.93nm_max,19.07598103708048
554.08nm_std,19.06193743682906
412.59nm_skew,19.042565935422964
391.15nm_std,19.018837770506384
spectrum_slope,18.947555369089567
871.36nm_std,18.935339917997677
487.62nm_std,18.9165378445558
389.01nm_std,18.821807486894535
596.96nm_max,18.77322866967889
873.51nm_std,18.760108642139794
575.52nm_std,18.698405345418298
852.07nm_max,18.6976545028284
1002.14nm_std,18.612801295899445
875.65nm_std,18.610449491974656
485.48nm_std,18.58484724295698
1002.14nm_skew,18.503615387444693
952.83nm_skew,18.493830312941043
877.80nm_std,18.487298950966036
468.33nm_q25,18.482440792222594
556.22nm_std,18.43943723251884
856.36nm_max,18.398073278650994
854.21nm_max,18.378161768261226
455.46nm_std,18.36646636009155
879.94nm_std,18.352476008301714
483.33nm_std,18.309178114778213
882.08nm_std,18.242168170087147
573.37nm_std,18.210933975816474
481.19nm_std,18.19425573442942
884.23nm_std,18.121457676262104
886.37nm_std,18.041616807252648
888.52nm_std,17.97023936485475
999.99nm_std,17.95904841978912
558.37nm_std,17.958408024088875
479.05nm_std,17.94661424114371
890.66nm_std,17.917528110856015
476.90nm_std,17.89305650268329
594.81nm_max,17.86944078574315
858.50nm_max,17.86629976773186
461.90nm_q25,17.86614099726249
892.80nm_std,17.850363860602524
894.95nm_std,17.789496199417766
457.61nm_std,17.78492842072162
571.23nm_std,17.78267650314885
999.99nm_skew,17.721414435708546
474.76nm_std,17.717980180817342
897.09nm_std,17.706874622363852
440.46nm_q25,17.687741554217173
459.75nm_std,17.63291505421592
472.62nm_std,17.63217218943476
560.51nm_std,17.593208896548834
899.23nm_std,17.557035751419605
500.48nm_skew,17.539490652087267
569.09nm_std,17.467217687959145
860.65nm_max,17.375473368276214
562.66nm_std,17.350177574483716
901.38nm_std,17.32141487084577
470.47nm_std,17.296156305345118
461.90nm_std,17.295239547628903
566.94nm_std,17.28617053779063
564.80nm_std,17.24627616094422
862.79nm_max,17.23867399505565
442.60nm_q25,17.180475255163365
414.73nm_skew,17.1774869673833
464.04nm_std,17.11796564388181
468.33nm_std,17.117491551560448
903.52nm_std,17.0611479856179
466.18nm_std,17.04219760851962
864.93nm_max,16.97732625970158
997.85nm_std,16.91289078991651
905.67nm_std,16.81855092560479
378.29nm_skew,16.741814221068466
869.22nm_max,16.599490907848306
907.81nm_std,16.574428090510406
867.08nm_max,16.483638071381577
592.67nm_max,16.457382557861795
995.71nm_std,16.36933105492101
997.85nm_skew,16.327547545589308
909.95nm_std,16.321718281544506
444.75nm_q25,16.14439831496448
912.10nm_std,16.117874881775897
416.88nm_skew,16.100273236585164
459.75nm_q25,16.07975558766811
914.24nm_std,15.902329716195293
590.53nm_max,15.771107155738795
995.71nm_skew,15.702126316446813
916.38nm_std,15.687023747434415
875.65nm_max,15.679441145376696
993.56nm_std,15.676796087939039
954.97nm_skew,15.659104219469613
419.02nm_skew,15.614289832911787
498.34nm_skew,15.56492662391445
877.80nm_max,15.521508038949662
659.13nm_min,15.4965923502573
873.51nm_max,15.489127175582146
871.36nm_max,15.389108117531348
918.53nm_std,15.31943298869483
588.38nm_max,15.14435778172958
879.94nm_max,14.874777650270678
920.67nm_std,14.826523922253209
451.18nm_q25,14.75773951485913
993.56nm_skew,14.565668539357693
431.88nm_q25,14.539511792989536
421.16nm_skew,14.525885599338377
586.24nm_max,14.523662132222798
991.42nm_std,14.48472374026683
656.98nm_min,14.398582735675202
888.52nm_max,14.376324343655806
882.08nm_max,14.187959148493531
455.46nm_q25,14.161093807951719
922.82nm_std,14.150142628072809
584.09nm_max,14.063933076628208
496.20nm_skew,14.036553878035496
991.42nm_skew,13.998655228836476
654.84nm_min,13.868302711160984
650.55nm_min,13.679092194755247
886.37nm_max,13.539205179106544
436.17nm_q25,13.501456352899273
989.27nm_std,13.48345055151491
884.23nm_max,13.43729908118415
924.96nm_std,13.33657352245905
425.45nm_skew,13.272985044340833
423.31nm_skew,13.258904013989403
957.12nm_skew,13.240185675906083
989.27nm_skew,13.213436603305873
581.95nm_max,13.139362907199537
579.81nm_max,12.98960906435303
890.66nm_max,12.941397583131169
494.05nm_skew,12.829057225518365
987.13nm_skew,12.68094595412388
987.13nm_std,12.600998213701935
894.95nm_max,12.526190907278004
892.80nm_max,12.51105893975126
429.74nm_q25,12.469417146186117
434.03nm_q25,12.469417146186117
927.10nm_std,12.326826238953302
453.32nm_q25,12.258022374175694
946.40nm_min,12.20976966937897
457.61nm_q25,12.131878835325606
427.60nm_skew,12.119807699199063
438.31nm_q25,12.07475813769936
491.91nm_skew,12.064765843865043
984.99nm_skew,12.005360079065795
429.74nm_skew,11.933868615452322
534.79nm_kurtosis,11.918565009151202
577.66nm_max,11.841641283355992
984.99nm_std,11.808118610854086
899.23nm_max,11.747936583378126
959.26nm_skew,11.667195027326645
489.77nm_skew,11.649292822356252
536.93nm_kurtosis,11.64871733934318
982.84nm_skew,11.552152423160958
897.09nm_max,11.479251102243055
427.60nm_q25,11.443690458239036
449.03nm_q25,11.22971597429181
532.64nm_kurtosis,11.22592042097598
487.62nm_skew,11.214156486194215
929.25nm_std,11.18446893269829
412.59nm_q25,11.137307480164624
374.00nm_skew,10.998290675257598
431.88nm_skew,10.945772730219776
978.56nm_skew,10.934536341611977
980.70nm_skew,10.922432042588884
575.52nm_max,10.917811629874391
901.38nm_max,10.878473605483984
903.52nm_max,10.856842067026
646.26nm_min,10.841586857360932
485.48nm_skew,10.762156643956565
539.07nm_kurtosis,10.67830284391229
982.84nm_std,10.609642354581545
434.03nm_skew,10.600489979844117
961.40nm_skew,10.56125935546787
976.41nm_skew,10.557327905457921
423.31nm_q25,10.424665353009715
573.37nm_max,10.391334744452735
905.67nm_max,10.340843451516404
974.27nm_skew,10.31064424477498
963.55nm_skew,10.228183638913805
483.33nm_skew,10.220757564357898
907.81nm_max,10.144052990636464
648.41nm_min,10.103819121009401
446.89nm_q25,10.063056232470064
969.98nm_skew,9.95429735399802
965.69nm_skew,9.910080192433075
481.19nm_skew,9.880777631061534
931.39nm_std,9.844209860358662
967.84nm_skew,9.800337319872504
479.05nm_skew,9.79980631844566
641.98nm_min,9.774007941209327
980.70nm_std,9.753510874428692
644.12nm_min,9.707464551759148
571.23nm_max,9.667479931520338
526.21nm_max,9.645299113028868
524.07nm_max,9.627021342687296
909.95nm_max,9.617441132124332
436.17nm_skew,9.601559192925626
530.50nm_kurtosis,9.57532137444042
376.14nm_kurtosis,9.549388772341308
541.22nm_kurtosis,9.462561151774334
416.88nm_q25,9.412859277546824
425.45nm_q25,9.412859277546824
421.16nm_q25,9.412859277546824
382.58nm_max,9.395611771472971
528.35nm_max,9.342628024148427
521.92nm_max,9.306101158884543
978.56nm_std,9.290805256044933
408.30nm_q25,9.07461021675751
972.12nm_skew,9.035587328500613
569.09nm_max,8.87335838220806
444.75nm_skew,8.696397034473723
912.10nm_max,8.671889584092341
519.78nm_max,8.634688013541199
451.18nm_skew,8.623495268405598
474.76nm_skew,8.615356951555176
440.46nm_skew,8.612283752824293
442.60nm_skew,8.538747948586748
566.94nm_max,8.507510457585251
530.50nm_max,8.493249771141462
532.64nm_max,8.491849545306147
933.54nm_std,8.45986665804408
976.41nm_std,8.430032551445349
652.70nm_min,8.398099595284181
543.36nm_kurtosis,8.326729781420037
472.62nm_skew,8.249086589469858
408.30nm_skew,8.1315079004056
534.79nm_max,8.098380114637779
455.46nm_skew,7.989642601805192
446.89nm_skew,7.965897781316641
564.80nm_max,7.9443272282568325
974.27nm_std,7.883824718161459
916.38nm_max,7.875459577029732
438.31nm_skew,7.869019318048424
914.24nm_max,7.856761395198454
517.64nm_max,7.847060269085762
470.47nm_skew,7.843724377248299
562.66nm_max,7.723735837250934
536.93nm_max,7.718654720770296
560.51nm_max,7.646159419817512
468.33nm_skew,7.583400542607367
528.35nm_kurtosis,7.569202416239937
453.32nm_skew,7.459602579468665
558.37nm_max,7.435272528219553
414.73nm_q25,7.413965550970265
543.36nm_max,7.4059003063575295
539.07nm_max,7.37045259397825
466.18nm_skew,7.326494065189333
545.51nm_kurtosis,7.3264538026968955
541.22nm_max,7.287439255541436
972.12nm_std,7.225206649260468
459.75nm_skew,7.196964363872421
464.04nm_skew,7.176900994333771
457.61nm_skew,7.163929316006043
461.90nm_skew,7.069485616940337
545.51nm_max,7.06822784732023
556.22nm_max,7.047411362021117
406.16nm_q25,7.028924889543446
935.68nm_std,6.9720919704874875
920.67nm_max,6.939779334818876
918.53nm_max,6.932401383718804
639.83nm_min,6.923572386020088
554.08nm_max,6.905497283688491
547.65nm_max,6.894022798570472
551.94nm_max,6.842168688019952
449.03nm_skew,6.786827839724004
549.79nm_max,6.668731785734521
922.82nm_max,6.611204540893209
969.98nm_std,6.573313977960512
547.65nm_kurtosis,6.482768805201045
419.02nm_q25,6.429201582282257
410.44nm_q25,6.429201582282257
515.49nm_max,6.396601066297779
382.58nm_kurtosis,6.281486763289239
384.72nm_kurtosis,6.185543839475084
967.84nm_std,6.018184687970687
391.15nm_q25,6.012396069538925
395.44nm_q25,6.012396069538925
378.29nm_q25,6.012396069538925
397.58nm_q25,6.012396069538925
399.73nm_q25,6.012396069538925
404.01nm_q25,6.012396069538925
380.43nm_q25,6.012396069538925
386.86nm_q25,6.012396069538925
549.79nm_kurtosis,5.742614370100455
526.21nm_kurtosis,5.730698598694368
404.01nm_max,5.581340350273116
937.82nm_std,5.52706421018398
513.35nm_max,5.50257741812223
421.16nm_max,5.448148049553703
965.69nm_std,5.40307348133783
924.96nm_max,5.242763241579412
927.10nm_max,5.182658102100646
635.55nm_min,5.121304834783076
551.94nm_kurtosis,5.107010969691057
374.00nm_q25,5.000041905879395
376.14nm_q25,5.000041905879395
401.87nm_q25,5.000041905879395
384.72nm_q25,5.000041905879395
382.58nm_q25,5.000041905879395
393.29nm_q25,5.000041905879395
386.86nm_skew,4.967508197961375
376.14nm_max,4.799091634314066
391.15nm_max,4.7916910784333915
410.44nm_max,4.741955266793558
963.55nm_std,4.68642109809917
554.08nm_kurtosis,4.587655606782656
624.83nm_min,4.563553634373072
511.20nm_max,4.490809066220744
929.25nm_max,4.447448336230795
380.43nm_skew,4.385512645391894
524.07nm_kurtosis,4.331553196508711
637.69nm_min,4.327445701452146
939.97nm_std,4.275157480885163
631.26nm_min,4.228689565551257
629.11nm_min,4.228689565551257
380.43nm_max,4.225617762362847
556.22nm_kurtosis,4.163649793644792
norm_spec_mean,4.124432982966368
414.73nm_max,4.022344745075713
389.01nm_q25,3.991836734693878
931.39nm_max,3.874668474003679
948.54nm_min,3.8699107554618575
374.00nm_max,3.8130358710517904
961.40nm_std,3.7967688723957647
558.37nm_kurtosis,3.771839506232016
416.88nm_max,3.71785144983891
509.06nm_max,3.659646331123298
393.29nm_kurtosis,3.606238446130072
norm_spec_std,3.589403962017289
389.01nm_max,3.5579392913324113
401.87nm_max,3.5575808109598075
389.01nm_kurtosis,3.5509674442709076
431.88nm_max,3.5388123839465426
438.31nm_max,3.5231205034974065
397.58nm_max,3.5040675947133715
399.73nm_kurtosis,3.495349305921874
560.51nm_kurtosis,3.43453329112191
521.92nm_kurtosis,3.3980544179080936
425.45nm_max,3.3819808007921703
950.69nm_min,3.321992371300498
942.11nm_std,3.1930029160914777
391.15nm_kurtosis,3.1784509841758557
562.66nm_kurtosis,3.15311241707637
633.40nm_min,3.113040665000339
408.30nm_max,3.046799925866124
406.16nm_max,2.9643277155160446
959.26nm_std,2.9119419871695222
412.59nm_max,2.9074105173246845
564.80nm_kurtosis,2.906407313857833
395.44nm_max,2.8899276861736443
395.44nm_kurtosis,2.855309240347408
476.90nm_skew,2.8433370954564685
436.17nm_max,2.8289590993743885
626.97nm_min,2.801402133470455
620.54nm_min,2.7805265815355535
519.78nm_kurtosis,2.7394597739939925
427.60nm_max,2.729587420716955
566.94nm_kurtosis,2.699039197774112
504.77nm_max,2.6893691956042325
397.58nm_kurtosis,2.6850275535162176
569.09nm_kurtosis,2.5162674902905806
506.92nm_max,2.442703905294292
571.23nm_kurtosis,2.3581792547199267
972.12nm_max,2.356743396070261
944.25nm_std,2.3543966796863867
401.87nm_kurtosis,2.3495327641807786
517.64nm_kurtosis,2.3046368243796636
622.68nm_min,2.2730645583787776
419.02nm_max,2.25894145248724
449.03nm_max,2.2572569389872124
573.37nm_kurtosis,2.2248609842281386
404.01nm_kurtosis,2.1365908585538254
575.52nm_kurtosis,2.113090953395964
1008.57nm_max,2.099275684067984
939.97nm_max,2.024692022646148
957.12nm_std,2.013961535335164
577.66nm_kurtosis,2.013650980835949
515.49nm_kurtosis,1.992455856566613
393.29nm_max,1.9913658742889349
611.96nm_min,1.9877717617659305
616.25nm_min,1.9877717617659305
423.31nm_max,1.9809346747328993
933.54nm_max,1.9681915091787392
455.46nm_kurtosis,1.9352389364956097
579.81nm_kurtosis,1.9307936223539128
581.95nm_kurtosis,1.8547159869369154
440.46nm_max,1.8260129905395772
434.03nm_max,1.8110382731446073
1015.00nm_kurtosis,1.8104872637797476
584.09nm_kurtosis,1.780978117853931
513.35nm_kurtosis,1.7803021365001288
451.18nm_kurtosis,1.7765539486640078
946.40nm_std,1.772904245611903
935.68nm_max,1.7577639501992401
410.44nm_kurtosis,1.744659030552037
586.24nm_kurtosis,1.714589202482692
446.89nm_max,1.708321552066223
399.73nm_max,1.6832571739637525
412.59nm_kurtosis,1.6797837465297238
429.74nm_kurtosis,1.6612723282022812
588.38nm_kurtosis,1.6445442617989978
511.20nm_kurtosis,1.6275898655756993
442.60nm_max,1.5992742039831005
607.68nm_min,1.588920331591038
590.53nm_kurtosis,1.5802291779419653
414.73nm_kurtosis,1.5699977018215685
592.67nm_kurtosis,1.5217414646580045
509.06nm_kurtosis,1.5154088723603434
476.90nm_max,1.5144304491884182
444.75nm_kurtosis,1.5065207855651177
416.88nm_kurtosis,1.5004268028118897
1010.71nm_max,1.4938675598829887
594.81nm_kurtosis,1.4654313392492622
614.11nm_min,1.4600194316844137
419.02nm_kurtosis,1.4559785266846668
954.97nm_std,1.4431001002987882
506.92nm_kurtosis,1.4279598078277413
596.96nm_kurtosis,1.4132329501770697
421.16nm_kurtosis,1.4105046074757048
453.32nm_max,1.4053897279743461
944.25nm_max,1.4030313978069378
502.63nm_max,1.3772106707529337
948.54nm_std,1.363825331077051
599.10nm_kurtosis,1.362644488615105
479.05nm_kurtosis,1.3570810389857202
425.45nm_kurtosis,1.3520611769184985
459.75nm_max,1.3206211884485786
502.63nm_kurtosis,1.3140522214367227
601.24nm_kurtosis,1.3136620457915622
427.60nm_kurtosis,1.3003454348699173
500.48nm_kurtosis,1.2746765007390226
603.39nm_kurtosis,1.2719534732164728
504.77nm_kurtosis,1.2584658110023177
431.88nm_kurtosis,1.2550491048894328
461.90nm_max,1.2463968803285277
434.03nm_kurtosis,1.2456441194038497
498.34nm_kurtosis,1.2419398979861949
605.53nm_kurtosis,1.2350990814194096
496.20nm_kurtosis,1.2160942563832156
423.31nm_kurtosis,1.2054502932399809
607.68nm_kurtosis,1.20191621831685
436.17nm_kurtosis,1.1981770080975538
494.05nm_kurtosis,1.196417025047349
946.40nm_max,1.1952997149722557
491.91nm_kurtosis,1.182303206854361
440.46nm_kurtosis,1.1774609110432162
489.77nm_kurtosis,1.1756811594675771
609.82nm_kurtosis,1.1746957469535915
952.83nm_std,1.1732499372384297
487.62nm_kurtosis,1.1695484823586666
442.60nm_kurtosis,1.165357582010311
485.48nm_kurtosis,1.1609159076092233
950.69nm_std,1.1539850527121547
483.33nm_kurtosis,1.151377071411138
457.61nm_max,1.1504352671064677
378.29nm_kurtosis,1.1501786679679291
611.96nm_kurtosis,1.1482477680388778
481.19nm_kurtosis,1.1465060134809733
1012.86nm_kurtosis,1.143032001540931
446.89nm_kurtosis,1.141795273325858
1010.71nm_kurtosis,1.1381752621501708
1004.28nm_kurtosis,1.1374487448043638
1006.42nm_kurtosis,1.132367972068554
942.11nm_max,1.1290009060474875
614.11nm_kurtosis,1.1230781894956532
474.76nm_kurtosis,1.1226319146870491
472.62nm_kurtosis,1.1159205772571046
453.32nm_kurtosis,1.1153256035604944
470.47nm_kurtosis,1.1102642761618913
457.61nm_kurtosis,1.1075333544972967
459.75nm_kurtosis,1.1039055942072253
468.33nm_kurtosis,1.1023795541305441
466.18nm_kurtosis,1.102171860361805
464.04nm_kurtosis,1.1013168711998484
616.25nm_kurtosis,1.0999919536110525
993.56nm_max,1.0995422905355619
461.90nm_kurtosis,1.0965613527698388
468.33nm_max,1.0843459223471648
618.39nm_kurtosis,1.078538860265243
466.18nm_max,1.072616755265774
1002.14nm_kurtosis,1.065269102834478
620.54nm_kurtosis,1.0599858585548776
386.86nm_kurtosis,1.0450114610996675
622.68nm_kurtosis,1.0450016876962882
995.71nm_kurtosis,1.0354697561110713
997.85nm_kurtosis,1.0347899081300826
999.99nm_kurtosis,1.0312508992576925
624.83nm_kurtosis,1.0302214742423692
626.97nm_kurtosis,1.0187607585081948
629.11nm_kurtosis,1.008140045167979
631.26nm_kurtosis,0.9986210475694642
987.13nm_kurtosis,0.9973071603905347
991.42nm_kurtosis,0.9951956681228383
566.94nm_min,0.9918616733862589
571.23nm_min,0.9918616733862589
575.52nm_min,0.9918616733862589
581.95nm_min,0.9918616733862589
573.37nm_min,0.9918616733862589
562.66nm_min,0.9918616733862589
592.67nm_min,0.9918616733862589
588.38nm_min,0.9918616733862589
609.82nm_min,0.9918616733862589
569.09nm_min,0.9918616733862589
601.24nm_min,0.9918616733862589
586.24nm_min,0.9918616733862589
957.12nm_min,0.9918616733862589
590.53nm_min,0.9918616733862589
952.83nm_min,0.9918616733862589
564.80nm_min,0.9918616733862589
584.09nm_min,0.9918616733862589
618.39nm_min,0.9918616733862589
558.37nm_min,0.9918616733862589
954.97nm_min,0.9918616733862589
594.81nm_min,0.9918616733862585
599.10nm_min,0.9918616733862585
596.96nm_min,0.9918616733862585
579.81nm_min,0.9918616733862585
605.53nm_min,0.9918616733862585
603.39nm_min,0.9918616733862585
577.66nm_min,0.9918616733862585
633.40nm_kurtosis,0.9913919724811519
999.99nm_max,0.9878010750088904
982.84nm_kurtosis,0.9862630065201908
635.55nm_kurtosis,0.9844162186123522
637.69nm_kurtosis,0.9782481296152807
639.83nm_kurtosis,0.9747133078319956
641.98nm_kurtosis,0.9706704390456762
976.41nm_kurtosis,0.9678015783143941
974.27nm_kurtosis,0.9660751510010896
644.12nm_kurtosis,0.9646792423038232
989.27nm_kurtosis,0.9627947406810191
984.99nm_max,0.9627502467078957
646.26nm_kurtosis,0.9569498989994784
648.41nm_kurtosis,0.9464752302489019
978.56nm_kurtosis,0.9432181949783216
969.98nm_kurtosis,0.9420718336274171
650.55nm_kurtosis,0.9364768465993643
652.70nm_kurtosis,0.928517604916005
654.84nm_kurtosis,0.9203315448942411
967.84nm_kurtosis,0.9177014036589233
656.98nm_kurtosis,0.9138631770352156
963.55nm_kurtosis,0.911762942039142
965.69nm_kurtosis,0.910554660605349
659.13nm_kurtosis,0.9084827162440361
661.27nm_kurtosis,0.9035208069784424
663.41nm_kurtosis,0.8997945525244535
665.56nm_kurtosis,0.8967739118122633
667.70nm_kurtosis,0.8936849588036928
669.85nm_kurtosis,0.8915218374098961
993.56nm_kurtosis,0.8904576623668886
671.99nm_kurtosis,0.8901291718071406
674.13nm_kurtosis,0.8895811538086157
676.28nm_kurtosis,0.8894504522054367
380.43nm_kurtosis,0.8883672570643198
678.42nm_kurtosis,0.8881662873381826
680.57nm_kurtosis,0.8873865838558138
682.71nm_kurtosis,0.8862930403616553
684.85nm_kurtosis,0.8837515495944598
687.00nm_kurtosis,0.8810836188924475
689.14nm_kurtosis,0.8778523697659836
691.28nm_kurtosis,0.8747644092916547
948.54nm_max,0.8735081393324844
500.48nm_max,0.8723339237722099
693.43nm_kurtosis,0.8721250523320909
695.57nm_kurtosis,0.8693665176373946
697.72nm_kurtosis,0.8663386544992726
699.86nm_kurtosis,0.8640967777686002
702.00nm_kurtosis,0.8611442623129029
984.99nm_kurtosis,0.8609452570055814
704.15nm_kurtosis,0.859390851419465
747.02nm_kurtosis,0.8577280329184692
706.29nm_kurtosis,0.8576707687903727
749.17nm_kurtosis,0.8568739431819028
708.43nm_kurtosis,0.8551600673834346
744.88nm_kurtosis,0.8543020141788416
751.31nm_kurtosis,0.8539465812195783
710.58nm_kurtosis,0.8528163691998244
712.72nm_kurtosis,0.8503955218566297
742.74nm_kurtosis,0.850200412809272
753.45nm_kurtosis,0.8470615888305664
714.87nm_kurtosis,0.8470065473305526
717.01nm_kurtosis,0.8443992303781447
740.59nm_kurtosis,0.8431810881208855
719.15nm_kurtosis,0.8413821502710008
959.26nm_kurtosis,0.8402788346794857
721.30nm_kurtosis,0.8385882473509447
374.00nm_kurtosis,0.8377672101916372
738.45nm_kurtosis,0.8373481755004707
723.44nm_kurtosis,0.8363420715155829
736.30nm_kurtosis,0.8338659110246279
725.59nm_kurtosis,0.8338621402739389
727.73nm_kurtosis,0.8327033329012647
729.87nm_kurtosis,0.8325379834204193
734.16nm_kurtosis,0.8322657563798957
732.02nm_kurtosis,0.8317875476946098
755.60nm_kurtosis,0.8263663115421557
384.72nm_max,0.8163954786075507
991.42nm_max,0.8044549545944419
757.74nm_kurtosis,0.8038852706692338
464.04nm_max,0.7958728415849601
961.40nm_kurtosis,0.7925631479257168
759.89nm_kurtosis,0.78846849651666
957.12nm_kurtosis,0.784752135403711
762.03nm_kurtosis,0.7712683770070417
980.70nm_kurtosis,0.7683157396675578
470.47nm_max,0.763006301267076
764.17nm_kurtosis,0.7512700466324782
997.85nm_max,0.7469147364375816
766.32nm_kurtosis,0.7328097321820559
954.97nm_kurtosis,0.719956504792537
768.46nm_kurtosis,0.7134811614626712
1002.14nm_max,0.6967891082942594
770.61nm_kurtosis,0.6930158757875657
1012.86nm_max,0.6708561504548084
772.75nm_kurtosis,0.6700144776608219
980.70nm_max,0.6589754337287587
774.89nm_kurtosis,0.6431685526070304
952.83nm_kurtosis,0.6378772706036553
496.20nm_max,0.6323863760091163
777.04nm_kurtosis,0.6164958104847746
498.34nm_max,0.6072113861778194
444.75nm_max,0.6056092749847836
967.84nm_max,0.6025812258330073
1008.57nm_kurtosis,0.6021814102439228
408.30nm_kurtosis,0.6018715840880725
957.12nm_max,0.5946665877013916
779.18nm_kurtosis,0.5883375568587802
989.27nm_max,0.5805384609574802
961.40nm_max,0.5795498314107067
476.90nm_kurtosis,0.5786849971716034
987.13nm_max,0.5762522452484916
781.32nm_kurtosis,0.5630583901121906
950.69nm_kurtosis,0.5592943497348606
954.97nm_max,0.5475585912560116
783.47nm_kurtosis,0.5413155905415205
952.83nm_max,0.5363174024247712
995.71nm_max,0.5247428073320013
785.61nm_kurtosis,0.5220464520430826
787.76nm_kurtosis,0.5035907826983924
494.05nm_max,0.49941188070582904
789.90nm_kurtosis,0.48759467983100113
472.62nm_max,0.4869421872131545
792.04nm_kurtosis,0.47246646479248167
950.69nm_max,0.46407922069977514
1006.42nm_max,0.46358110367483524
794.19nm_kurtosis,0.4604779061370624
978.56nm_max,0.45764813460530473
796.33nm_kurtosis,0.44954171898809353
798.47nm_kurtosis,0.43999857484222366
800.62nm_kurtosis,0.43346307220389024
802.76nm_kurtosis,0.42782498389005613
969.98nm_max,0.4267408913145368
982.84nm_max,0.42581220618487403
491.91nm_max,0.4230165030545186
804.91nm_kurtosis,0.421368964611609
948.54nm_kurtosis,0.42110336284084654
489.77nm_max,0.42019053210272983
807.05nm_kurtosis,0.41799064406351044
809.19nm_kurtosis,0.41487969845825523
811.34nm_kurtosis,0.4099127890085762
813.48nm_kurtosis,0.40613114590680505
815.63nm_kurtosis,0.40070398441059646
817.77nm_kurtosis,0.39489461388513464
474.76nm_max,0.39018779648741647
819.91nm_kurtosis,0.38966234591380966
822.06nm_kurtosis,0.3806433314021517
824.20nm_kurtosis,0.3729404708928836
485.48nm_max,0.36339049246573296
826.34nm_kurtosis,0.3622797528063799
483.33nm_max,0.36074558588777056
828.49nm_kurtosis,0.34944795151342173
429.74nm_max,0.3457270884776622
830.63nm_kurtosis,0.3359748160120366
1004.28nm_max,0.3341764853194547
487.62nm_max,0.332048769937607
937.82nm_max,0.3183826117524472
1015.00nm_max,0.3155679143418514
832.78nm_kurtosis,0.3123690599719702
481.19nm_max,0.3119757789213019
946.40nm_kurtosis,0.30987864633623347
965.69nm_max,0.29739713283978175
976.41nm_max,0.29574576468555736
449.03nm_kurtosis,0.28133413812676544
834.92nm_kurtosis,0.27904781978640475
837.06nm_kurtosis,0.23053477349746665
944.25nm_kurtosis,0.2148322076499677
972.12nm_kurtosis,0.2090639244913988
959.26nm_max,0.20661453329340557
438.31nm_kurtosis,0.20070920603658327
378.29nm_max,0.1963134812487178
974.27nm_max,0.1786670279384559
839.21nm_kurtosis,0.16988852610327315
942.11nm_kurtosis,0.14460594580324906
841.35nm_kurtosis,0.11931319034470356
455.46nm_max,0.11224066977976854
479.05nm_max,0.09528125662673
843.49nm_kurtosis,0.08612669634326933
905.67nm_kurtosis,0.08557809552817533
907.81nm_kurtosis,0.08313811809673707
903.52nm_kurtosis,0.08296320449152145
901.38nm_kurtosis,0.08232325273003246
963.55nm_max,0.08201233053168579
939.97nm_kurtosis,0.07997853323862153
909.95nm_kurtosis,0.07930574563593287
899.23nm_kurtosis,0.07900901552476082
897.09nm_kurtosis,0.07847485990549291
912.10nm_kurtosis,0.07170870936572937
894.95nm_kurtosis,0.07164074075233898
892.80nm_kurtosis,0.06980092995804568
937.82nm_kurtosis,0.06925791049104926
845.64nm_kurtosis,0.06525621058606387
890.66nm_kurtosis,0.06220009423209497
914.24nm_kurtosis,0.060274329886768986
916.38nm_kurtosis,0.055615762552845706
888.52nm_kurtosis,0.054875844475452094
886.37nm_kurtosis,0.05015297153190067
847.78nm_kurtosis,0.05010421755015441
918.53nm_kurtosis,0.04421810590471241
884.23nm_kurtosis,0.040118362512648914
849.93nm_kurtosis,0.038140002450608355
451.18nm_max,0.03708120104236349
920.67nm_kurtosis,0.03619249238741008
882.08nm_kurtosis,0.031291591963446906
922.82nm_kurtosis,0.029210802178010965
852.07nm_kurtosis,0.029122898669593725
879.94nm_kurtosis,0.02408031594933739
924.96nm_kurtosis,0.02257065192318897
854.21nm_kurtosis,0.02126168867967589
877.80nm_kurtosis,0.016173511116750115
935.68nm_kurtosis,0.014191258488686569
927.10nm_kurtosis,0.013543225485416515
856.36nm_kurtosis,0.013265885080956587
875.65nm_kurtosis,0.010688393190467969
858.50nm_kurtosis,0.008270194157474028
873.51nm_kurtosis,0.006206849523360238
929.25nm_kurtosis,0.005385511782079224
860.65nm_kurtosis,0.004125368011623566
386.86nm_max,0.0037844549161879146
871.36nm_kurtosis,0.002632171093567258
862.79nm_kurtosis,0.002040178693813975
933.54nm_kurtosis,0.0018873544987793756
406.16nm_kurtosis,0.001093979003170554
869.22nm_kurtosis,0.0009363049919156349
931.39nm_kurtosis,0.0006841462915931966
864.93nm_kurtosis,0.00027923791750475495
867.08nm_kurtosis,7.339279624052515e-05
374.00nm_min,
376.14nm_min,
378.29nm_min,
380.43nm_min,
382.58nm_min,
384.72nm_min,
386.86nm_min,
389.01nm_min,
391.15nm_min,
393.29nm_min,
395.44nm_min,
397.58nm_min,
399.73nm_min,
401.87nm_min,
404.01nm_min,
406.16nm_min,
408.30nm_min,
410.44nm_min,
412.59nm_min,
414.73nm_min,
416.88nm_min,
419.02nm_min,
421.16nm_min,
423.31nm_min,
425.45nm_min,
427.60nm_min,
429.74nm_min,
431.88nm_min,
434.03nm_min,
436.17nm_min,
438.31nm_min,
440.46nm_min,
442.60nm_min,
444.75nm_min,
446.89nm_min,
449.03nm_min,
451.18nm_min,
453.32nm_min,
455.46nm_min,
457.61nm_min,
459.75nm_min,
461.90nm_min,
464.04nm_min,
466.18nm_min,
468.33nm_min,
470.47nm_min,
472.62nm_min,
474.76nm_min,
476.90nm_min,
479.05nm_min,
481.19nm_min,
483.33nm_min,
485.48nm_min,
487.62nm_min,
489.77nm_min,
491.91nm_min,
494.05nm_min,
496.20nm_min,
498.34nm_min,
500.48nm_min,
502.63nm_min,
504.77nm_min,
506.92nm_min,
509.06nm_min,
511.20nm_min,
513.35nm_min,
515.49nm_min,
517.64nm_min,
519.78nm_min,
521.92nm_min,
524.07nm_min,
526.21nm_min,
528.35nm_min,
530.50nm_min,
532.64nm_min,
534.79nm_min,
536.93nm_min,
539.07nm_min,
541.22nm_min,
543.36nm_min,
545.51nm_min,
547.65nm_min,
549.79nm_min,
551.94nm_min,
554.08nm_min,
556.22nm_min,
560.51nm_min,
959.26nm_min,
961.40nm_min,
963.55nm_min,
965.69nm_min,
967.84nm_min,
969.98nm_min,
972.12nm_min,
974.27nm_min,
976.41nm_min,
978.56nm_min,
980.70nm_min,
982.84nm_min,
984.99nm_min,
987.13nm_min,
989.27nm_min,
991.42nm_min,
993.56nm_min,
995.71nm_min,
997.85nm_min,
999.99nm_min,
1002.14nm_min,
1004.28nm_min,
1006.42nm_min,
1008.57nm_min,
1010.71nm_min,
1012.86nm_min,
1015.00nm_min,
