feature,frequency
norm_spec_mean,1.0
680.57nm,0.98
norm_spec_std,0.98
521.92nm,0.84
678.42nm,0.82
684.85nm,0.8
519.78nm,0.76
521.92nm,0.74
532.64nm,0.7
524.07nm,0.66
948.54nm,0.64
521.92nm,0.64
524.07nm,0.62
530.50nm,0.62
534.79nm,0.6
519.78nm,0.6
457.61nm,0.56
682.71nm,0.56
536.93nm,0.52
528.35nm,0.5
526.21nm,0.48
524.07nm,0.46
995.71nm,0.44
519.78nm,0.44
526.21nm,0.4
517.64nm,0.38
989.27nm,0.36
517.64nm,0.34
517.64nm,0.32
539.07nm,0.32
952.83nm,0.32
687.00nm,0.3
871.36nm,0.28
446.89nm,0.26
873.51nm,0.24
832.78nm,0.22
524.07nm,0.22
682.71nm,0.22
869.22nm,0.22
937.82nm,0.22
944.25nm,0.22
697.72nm,0.22
676.28nm,0.2
517.64nm,0.2
706.29nm,0.2
875.65nm,0.2
680.57nm,0.2
710.58nm,0.2
712.72nm,0.2
421.16nm,0.2
680.57nm,0.2
972.12nm,0.2
834.92nm,0.2
959.26nm,0.2
652.70nm,0.2
948.54nm,0.18
708.43nm,0.18
376.14nm,0.18
648.41nm,0.18
702.00nm,0.18
837.06nm,0.16
684.85nm,0.16
946.40nm,0.16
867.08nm,0.16
974.27nm,0.16
987.13nm,0.16
541.22nm,0.16
687.00nm,0.16
830.63nm,0.16
699.86nm,0.16
892.80nm,0.16
650.55nm,0.14
877.80nm,0.14
697.72nm,0.14
828.49nm,0.14
717.01nm,0.14
888.52nm,0.14
719.15nm,0.14
695.57nm,0.14
391.15nm,0.14
899.23nm,0.14
897.09nm,0.14
894.95nm,0.14
890.66nm,0.14
817.77nm,0.14
526.21nm,0.12
714.87nm,0.12
813.48nm,0.12
521.92nm,0.12
950.69nm,0.12
704.15nm,0.12
654.84nm,0.12
519.78nm,0.12
646.26nm,0.12
695.57nm,0.12
993.56nm,0.12
438.31nm,0.12
644.12nm,0.12
886.37nm,0.12
693.43nm,0.1
687.00nm,0.1
903.52nm,0.1
961.40nm,0.1
678.42nm,0.1
382.58nm,0.1
528.35nm,0.1
950.69nm,0.1
691.28nm,0.1
449.03nm,0.1
901.38nm,0.1
815.63nm,0.1
972.12nm,0.1
641.98nm,0.1
884.23nm,0.1
682.71nm,0.1
826.34nm,0.1
879.94nm,0.1
721.30nm,0.08
678.42nm,0.08
839.21nm,0.08
378.29nm,0.08
519.78nm,0.08
905.67nm,0.08
942.11nm,0.08
378.29nm,0.08
978.56nm,0.08
999.99nm,0.08
500.48nm,0.08
661.27nm,0.06
659.13nm,0.06
684.85nm,0.06
965.69nm,0.06
515.49nm,0.06
408.30nm,0.06
639.83nm,0.06
993.56nm,0.06
449.03nm,0.06
822.06nm,0.06
682.71nm,0.06
815.63nm,0.06
404.01nm,0.06
410.44nm,0.06
564.80nm,0.06
676.28nm,0.06
809.19nm,0.06
841.35nm,0.06
882.08nm,0.06
822.06nm,0.06
824.20nm,0.06
689.14nm,0.06
907.81nm,0.06
939.97nm,0.06
674.13nm,0.06
946.40nm,0.06
687.00nm,0.06
826.34nm,0.06
386.86nm,0.06
419.02nm,0.06
954.97nm,0.06
678.42nm,0.04
571.23nm,0.04
566.94nm,0.04
852.07nm,0.04
1012.86nm,0.04
862.79nm,0.04
410.44nm,0.04
856.36nm,0.04
817.77nm,0.04
819.91nm,0.04
819.91nm,0.04
813.48nm,0.04
702.00nm,0.04
824.20nm,0.04
543.36nm,0.04
581.95nm,0.04
524.07nm,0.04
569.09nm,0.04
584.09nm,0.04
858.50nm,0.04
867.08nm,0.04
860.65nm,0.04
909.95nm,0.04
912.10nm,0.04
916.38nm,0.04
879.94nm,0.04
633.40nm,0.04
723.44nm,0.04
656.98nm,0.04
890.66nm,0.04
689.14nm,0.04
1008.57nm,0.04
562.66nm,0.04
684.85nm,0.04
807.05nm,0.04
579.81nm,0.04
944.25nm,0.04
903.52nm,0.04
963.55nm,0.04
530.50nm,0.04
967.84nm,0.04
665.56nm,0.04
989.27nm,0.04
907.81nm,0.04
875.65nm,0.04
961.40nm,0.04
832.78nm,0.02
849.93nm,0.02
854.21nm,0.02
935.68nm,0.02
856.36nm,0.02
860.65nm,0.02
862.79nm,0.02
864.93nm,0.02
669.85nm,0.02
869.22nm,0.02
871.36nm,0.02
873.51nm,0.02
676.28nm,0.02
875.65nm,0.02
586.24nm,0.02
635.55nm,0.02
877.80nm,0.02
399.73nm,0.02
879.94nm,0.02
663.41nm,0.02
882.08nm,0.02
652.70nm,0.02
532.64nm,0.02
886.37nm,0.02
532.64nm,0.02
888.52nm,0.02
667.70nm,0.02
678.42nm,0.02
506.92nm,0.02
892.80nm,0.02
438.31nm,0.02
894.95nm,0.02
667.70nm,0.02
897.09nm,0.02
691.28nm,0.02
899.23nm,0.02
427.60nm,0.02
378.29nm,0.02
663.41nm,0.02
573.37nm,0.02
732.02nm,0.02
412.59nm,0.02
671.99nm,0.02
909.95nm,0.02
663.41nm,0.02
912.10nm,0.02
629.11nm,0.02
521.92nm,0.02
918.53nm,0.02
920.67nm,0.02
922.82nm,0.02
924.96nm,0.02
931.39nm,0.02
504.77nm,0.02
386.86nm,0.02
939.97nm,0.02
736.30nm,0.02
942.11nm,0.02
386.86nm,0.02
944.25nm,0.02
419.02nm,0.02
785.61nm,0.02
787.76nm,0.02
792.04nm,0.02
796.33nm,0.02
948.54nm,0.02
800.62nm,0.02
802.76nm,0.02
950.69nm,0.02
804.91nm,0.02
952.83nm,0.02
807.05nm,0.02
423.31nm,0.02
809.19nm,0.02
811.34nm,0.02
811.34nm,0.02
384.72nm,0.02
699.86nm,0.02
661.27nm,0.02
476.90nm,0.02
618.39nm,0.02
976.41nm,0.02
779.18nm,0.02
980.70nm,0.02
980.70nm,0.02
984.99nm,0.02
526.21nm,0.02
826.34nm,0.02
631.26nm,0.02
828.49nm,0.02
421.16nm,0.02
830.63nm,0.02
783.47nm,0.02
1002.14nm,0.02
1002.14nm,0.02
1006.42nm,0.02
1008.57nm,0.02
1008.57nm,0.02
1015.00nm,0.02
1015.00nm,0.02
474.76nm,0.02
637.69nm,0.02
590.53nm,0.02
416.88nm,0.0
419.02nm,0.0
419.02nm,0.0
419.02nm,0.0
419.02nm,0.0
419.02nm,0.0
419.02nm,0.0
419.02nm,0.0
421.16nm,0.0
421.16nm,0.0
421.16nm,0.0
421.16nm,0.0
421.16nm,0.0
421.16nm,0.0
421.16nm,0.0
423.31nm,0.0
423.31nm,0.0
423.31nm,0.0
423.31nm,0.0
423.31nm,0.0
423.31nm,0.0
423.31nm,0.0
423.31nm,0.0
425.45nm,0.0
425.45nm,0.0
425.45nm,0.0
425.45nm,0.0
425.45nm,0.0
425.45nm,0.0
425.45nm,0.0
425.45nm,0.0
425.45nm,0.0
427.60nm,0.0
427.60nm,0.0
427.60nm,0.0
427.60nm,0.0
427.60nm,0.0
427.60nm,0.0
427.60nm,0.0
427.60nm,0.0
429.74nm,0.0
429.74nm,0.0
429.74nm,0.0
429.74nm,0.0
429.74nm,0.0
429.74nm,0.0
429.74nm,0.0
429.74nm,0.0
429.74nm,0.0
431.88nm,0.0
431.88nm,0.0
431.88nm,0.0
431.88nm,0.0
431.88nm,0.0
431.88nm,0.0
431.88nm,0.0
431.88nm,0.0
431.88nm,0.0
434.03nm,0.0
434.03nm,0.0
434.03nm,0.0
434.03nm,0.0
434.03nm,0.0
434.03nm,0.0
434.03nm,0.0
434.03nm,0.0
434.03nm,0.0
436.17nm,0.0
436.17nm,0.0
436.17nm,0.0
436.17nm,0.0
436.17nm,0.0
436.17nm,0.0
436.17nm,0.0
436.17nm,0.0
436.17nm,0.0
438.31nm,0.0
438.31nm,0.0
438.31nm,0.0
438.31nm,0.0
438.31nm,0.0
438.31nm,0.0
438.31nm,0.0
440.46nm,0.0
440.46nm,0.0
440.46nm,0.0
440.46nm,0.0
440.46nm,0.0
440.46nm,0.0
440.46nm,0.0
440.46nm,0.0
440.46nm,0.0
442.60nm,0.0
442.60nm,0.0
442.60nm,0.0
442.60nm,0.0
442.60nm,0.0
442.60nm,0.0
442.60nm,0.0
442.60nm,0.0
442.60nm,0.0
444.75nm,0.0
444.75nm,0.0
444.75nm,0.0
444.75nm,0.0
444.75nm,0.0
444.75nm,0.0
444.75nm,0.0
444.75nm,0.0
444.75nm,0.0
446.89nm,0.0
446.89nm,0.0
446.89nm,0.0
446.89nm,0.0
446.89nm,0.0
446.89nm,0.0
446.89nm,0.0
446.89nm,0.0
449.03nm,0.0
449.03nm,0.0
449.03nm,0.0
449.03nm,0.0
449.03nm,0.0
449.03nm,0.0
449.03nm,0.0
451.18nm,0.0
451.18nm,0.0
451.18nm,0.0
451.18nm,0.0
451.18nm,0.0
451.18nm,0.0
451.18nm,0.0
451.18nm,0.0
451.18nm,0.0
453.32nm,0.0
453.32nm,0.0
453.32nm,0.0
453.32nm,0.0
453.32nm,0.0
453.32nm,0.0
453.32nm,0.0
453.32nm,0.0
453.32nm,0.0
455.46nm,0.0
455.46nm,0.0
455.46nm,0.0
455.46nm,0.0
455.46nm,0.0
455.46nm,0.0
455.46nm,0.0
455.46nm,0.0
455.46nm,0.0
457.61nm,0.0
457.61nm,0.0
457.61nm,0.0
457.61nm,0.0
457.61nm,0.0
457.61nm,0.0
457.61nm,0.0
457.61nm,0.0
459.75nm,0.0
459.75nm,0.0
459.75nm,0.0
459.75nm,0.0
459.75nm,0.0
459.75nm,0.0
459.75nm,0.0
459.75nm,0.0
459.75nm,0.0
461.90nm,0.0
461.90nm,0.0
461.90nm,0.0
461.90nm,0.0
461.90nm,0.0
461.90nm,0.0
461.90nm,0.0
461.90nm,0.0
461.90nm,0.0
464.04nm,0.0
464.04nm,0.0
464.04nm,0.0
464.04nm,0.0
464.04nm,0.0
464.04nm,0.0
464.04nm,0.0
464.04nm,0.0
464.04nm,0.0
466.18nm,0.0
466.18nm,0.0
466.18nm,0.0
466.18nm,0.0
466.18nm,0.0
466.18nm,0.0
466.18nm,0.0
466.18nm,0.0
466.18nm,0.0
468.33nm,0.0
468.33nm,0.0
468.33nm,0.0
468.33nm,0.0
468.33nm,0.0
468.33nm,0.0
468.33nm,0.0
468.33nm,0.0
468.33nm,0.0
470.47nm,0.0
470.47nm,0.0
470.47nm,0.0
470.47nm,0.0
470.47nm,0.0
470.47nm,0.0
470.47nm,0.0
470.47nm,0.0
470.47nm,0.0
472.62nm,0.0
472.62nm,0.0
472.62nm,0.0
472.62nm,0.0
472.62nm,0.0
472.62nm,0.0
472.62nm,0.0
472.62nm,0.0
472.62nm,0.0
474.76nm,0.0
474.76nm,0.0
474.76nm,0.0
474.76nm,0.0
474.76nm,0.0
474.76nm,0.0
474.76nm,0.0
474.76nm,0.0
476.90nm,0.0
476.90nm,0.0
476.90nm,0.0
476.90nm,0.0
476.90nm,0.0
476.90nm,0.0
476.90nm,0.0
476.90nm,0.0
479.05nm,0.0
479.05nm,0.0
479.05nm,0.0
479.05nm,0.0
479.05nm,0.0
479.05nm,0.0
479.05nm,0.0
479.05nm,0.0
479.05nm,0.0
481.19nm,0.0
481.19nm,0.0
481.19nm,0.0
481.19nm,0.0
481.19nm,0.0
481.19nm,0.0
481.19nm,0.0
481.19nm,0.0
481.19nm,0.0
483.33nm,0.0
483.33nm,0.0
483.33nm,0.0
483.33nm,0.0
483.33nm,0.0
483.33nm,0.0
483.33nm,0.0
483.33nm,0.0
483.33nm,0.0
485.48nm,0.0
485.48nm,0.0
485.48nm,0.0
485.48nm,0.0
485.48nm,0.0
485.48nm,0.0
485.48nm,0.0
485.48nm,0.0
485.48nm,0.0
487.62nm,0.0
487.62nm,0.0
487.62nm,0.0
487.62nm,0.0
487.62nm,0.0
487.62nm,0.0
487.62nm,0.0
487.62nm,0.0
487.62nm,0.0
489.77nm,0.0
489.77nm,0.0
489.77nm,0.0
489.77nm,0.0
489.77nm,0.0
489.77nm,0.0
489.77nm,0.0
489.77nm,0.0
489.77nm,0.0
491.91nm,0.0
491.91nm,0.0
491.91nm,0.0
491.91nm,0.0
491.91nm,0.0
491.91nm,0.0
491.91nm,0.0
491.91nm,0.0
491.91nm,0.0
494.05nm,0.0
494.05nm,0.0
494.05nm,0.0
494.05nm,0.0
494.05nm,0.0
494.05nm,0.0
494.05nm,0.0
494.05nm,0.0
494.05nm,0.0
496.20nm,0.0
496.20nm,0.0
496.20nm,0.0
496.20nm,0.0
496.20nm,0.0
496.20nm,0.0
496.20nm,0.0
496.20nm,0.0
496.20nm,0.0
498.34nm,0.0
498.34nm,0.0
498.34nm,0.0
498.34nm,0.0
498.34nm,0.0
498.34nm,0.0
498.34nm,0.0
498.34nm,0.0
498.34nm,0.0
500.48nm,0.0
500.48nm,0.0
500.48nm,0.0
500.48nm,0.0
500.48nm,0.0
500.48nm,0.0
500.48nm,0.0
500.48nm,0.0
502.63nm,0.0
502.63nm,0.0
502.63nm,0.0
502.63nm,0.0
502.63nm,0.0
502.63nm,0.0
502.63nm,0.0
502.63nm,0.0
502.63nm,0.0
504.77nm,0.0
504.77nm,0.0
504.77nm,0.0
504.77nm,0.0
504.77nm,0.0
504.77nm,0.0
504.77nm,0.0
504.77nm,0.0
506.92nm,0.0
506.92nm,0.0
506.92nm,0.0
506.92nm,0.0
506.92nm,0.0
506.92nm,0.0
506.92nm,0.0
506.92nm,0.0
509.06nm,0.0
509.06nm,0.0
509.06nm,0.0
509.06nm,0.0
509.06nm,0.0
509.06nm,0.0
509.06nm,0.0
509.06nm,0.0
509.06nm,0.0
511.20nm,0.0
511.20nm,0.0
511.20nm,0.0
511.20nm,0.0
511.20nm,0.0
511.20nm,0.0
511.20nm,0.0
511.20nm,0.0
511.20nm,0.0
513.35nm,0.0
513.35nm,0.0
513.35nm,0.0
513.35nm,0.0
513.35nm,0.0
513.35nm,0.0
513.35nm,0.0
513.35nm,0.0
513.35nm,0.0
515.49nm,0.0
515.49nm,0.0
515.49nm,0.0
515.49nm,0.0
515.49nm,0.0
515.49nm,0.0
515.49nm,0.0
515.49nm,0.0
517.64nm,0.0
517.64nm,0.0
517.64nm,0.0
517.64nm,0.0
517.64nm,0.0
519.78nm,0.0
519.78nm,0.0
519.78nm,0.0
519.78nm,0.0
521.92nm,0.0
521.92nm,0.0
521.92nm,0.0
521.92nm,0.0
524.07nm,0.0
524.07nm,0.0
524.07nm,0.0
524.07nm,0.0
526.21nm,0.0
526.21nm,0.0
526.21nm,0.0
526.21nm,0.0
526.21nm,0.0
528.35nm,0.0
528.35nm,0.0
528.35nm,0.0
528.35nm,0.0
528.35nm,0.0
528.35nm,0.0
528.35nm,0.0
530.50nm,0.0
530.50nm,0.0
530.50nm,0.0
530.50nm,0.0
530.50nm,0.0
530.50nm,0.0
530.50nm,0.0
532.64nm,0.0
532.64nm,0.0
532.64nm,0.0
532.64nm,0.0
532.64nm,0.0
532.64nm,0.0
534.79nm,0.0
534.79nm,0.0
534.79nm,0.0
534.79nm,0.0
534.79nm,0.0
534.79nm,0.0
534.79nm,0.0
534.79nm,0.0
536.93nm,0.0
536.93nm,0.0
536.93nm,0.0
536.93nm,0.0
536.93nm,0.0
536.93nm,0.0
536.93nm,0.0
536.93nm,0.0
539.07nm,0.0
539.07nm,0.0
539.07nm,0.0
539.07nm,0.0
539.07nm,0.0
539.07nm,0.0
539.07nm,0.0
539.07nm,0.0
541.22nm,0.0
541.22nm,0.0
541.22nm,0.0
541.22nm,0.0
541.22nm,0.0
541.22nm,0.0
541.22nm,0.0
541.22nm,0.0
543.36nm,0.0
543.36nm,0.0
543.36nm,0.0
543.36nm,0.0
543.36nm,0.0
543.36nm,0.0
543.36nm,0.0
543.36nm,0.0
545.51nm,0.0
545.51nm,0.0
545.51nm,0.0
545.51nm,0.0
545.51nm,0.0
545.51nm,0.0
545.51nm,0.0
545.51nm,0.0
545.51nm,0.0
547.65nm,0.0
547.65nm,0.0
547.65nm,0.0
547.65nm,0.0
547.65nm,0.0
547.65nm,0.0
547.65nm,0.0
547.65nm,0.0
547.65nm,0.0
549.79nm,0.0
549.79nm,0.0
549.79nm,0.0
549.79nm,0.0
549.79nm,0.0
549.79nm,0.0
549.79nm,0.0
549.79nm,0.0
549.79nm,0.0
551.94nm,0.0
551.94nm,0.0
551.94nm,0.0
551.94nm,0.0
551.94nm,0.0
551.94nm,0.0
551.94nm,0.0
551.94nm,0.0
551.94nm,0.0
554.08nm,0.0
554.08nm,0.0
554.08nm,0.0
554.08nm,0.0
554.08nm,0.0
554.08nm,0.0
554.08nm,0.0
554.08nm,0.0
554.08nm,0.0
556.22nm,0.0
556.22nm,0.0
556.22nm,0.0
556.22nm,0.0
556.22nm,0.0
556.22nm,0.0
556.22nm,0.0
556.22nm,0.0
556.22nm,0.0
558.37nm,0.0
558.37nm,0.0
558.37nm,0.0
558.37nm,0.0
558.37nm,0.0
558.37nm,0.0
558.37nm,0.0
558.37nm,0.0
558.37nm,0.0
560.51nm,0.0
560.51nm,0.0
560.51nm,0.0
560.51nm,0.0
560.51nm,0.0
560.51nm,0.0
560.51nm,0.0
560.51nm,0.0
560.51nm,0.0
562.66nm,0.0
562.66nm,0.0
562.66nm,0.0
562.66nm,0.0
562.66nm,0.0
562.66nm,0.0
562.66nm,0.0
562.66nm,0.0
564.80nm,0.0
564.80nm,0.0
564.80nm,0.0
564.80nm,0.0
564.80nm,0.0
564.80nm,0.0
564.80nm,0.0
564.80nm,0.0
566.94nm,0.0
566.94nm,0.0
566.94nm,0.0
566.94nm,0.0
566.94nm,0.0
566.94nm,0.0
566.94nm,0.0
566.94nm,0.0
569.09nm,0.0
569.09nm,0.0
569.09nm,0.0
569.09nm,0.0
569.09nm,0.0
569.09nm,0.0
569.09nm,0.0
569.09nm,0.0
571.23nm,0.0
571.23nm,0.0
571.23nm,0.0
571.23nm,0.0
571.23nm,0.0
571.23nm,0.0
571.23nm,0.0
571.23nm,0.0
573.37nm,0.0
573.37nm,0.0
573.37nm,0.0
573.37nm,0.0
573.37nm,0.0
573.37nm,0.0
573.37nm,0.0
573.37nm,0.0
575.52nm,0.0
575.52nm,0.0
575.52nm,0.0
575.52nm,0.0
575.52nm,0.0
575.52nm,0.0
575.52nm,0.0
575.52nm,0.0
575.52nm,0.0
577.66nm,0.0
577.66nm,0.0
577.66nm,0.0
577.66nm,0.0
577.66nm,0.0
577.66nm,0.0
577.66nm,0.0
577.66nm,0.0
577.66nm,0.0
579.81nm,0.0
579.81nm,0.0
579.81nm,0.0
579.81nm,0.0
579.81nm,0.0
579.81nm,0.0
579.81nm,0.0
579.81nm,0.0
581.95nm,0.0
581.95nm,0.0
581.95nm,0.0
581.95nm,0.0
581.95nm,0.0
581.95nm,0.0
581.95nm,0.0
581.95nm,0.0
584.09nm,0.0
584.09nm,0.0
584.09nm,0.0
584.09nm,0.0
584.09nm,0.0
584.09nm,0.0
584.09nm,0.0
584.09nm,0.0
586.24nm,0.0
586.24nm,0.0
586.24nm,0.0
586.24nm,0.0
586.24nm,0.0
586.24nm,0.0
586.24nm,0.0
586.24nm,0.0
588.38nm,0.0
588.38nm,0.0
588.38nm,0.0
588.38nm,0.0
588.38nm,0.0
588.38nm,0.0
588.38nm,0.0
588.38nm,0.0
588.38nm,0.0
590.53nm,0.0
590.53nm,0.0
590.53nm,0.0
590.53nm,0.0
590.53nm,0.0
590.53nm,0.0
590.53nm,0.0
590.53nm,0.0
592.67nm,0.0
592.67nm,0.0
592.67nm,0.0
592.67nm,0.0
592.67nm,0.0
592.67nm,0.0
592.67nm,0.0
592.67nm,0.0
592.67nm,0.0
594.81nm,0.0
594.81nm,0.0
594.81nm,0.0
594.81nm,0.0
594.81nm,0.0
594.81nm,0.0
594.81nm,0.0
594.81nm,0.0
594.81nm,0.0
596.96nm,0.0
596.96nm,0.0
596.96nm,0.0
596.96nm,0.0
596.96nm,0.0
596.96nm,0.0
596.96nm,0.0
596.96nm,0.0
596.96nm,0.0
599.10nm,0.0
599.10nm,0.0
599.10nm,0.0
599.10nm,0.0
599.10nm,0.0
599.10nm,0.0
599.10nm,0.0
599.10nm,0.0
599.10nm,0.0
601.24nm,0.0
601.24nm,0.0
601.24nm,0.0
601.24nm,0.0
601.24nm,0.0
601.24nm,0.0
601.24nm,0.0
601.24nm,0.0
601.24nm,0.0
603.39nm,0.0
603.39nm,0.0
603.39nm,0.0
603.39nm,0.0
603.39nm,0.0
603.39nm,0.0
603.39nm,0.0
603.39nm,0.0
603.39nm,0.0
605.53nm,0.0
605.53nm,0.0
605.53nm,0.0
605.53nm,0.0
605.53nm,0.0
605.53nm,0.0
605.53nm,0.0
605.53nm,0.0
605.53nm,0.0
607.68nm,0.0
607.68nm,0.0
607.68nm,0.0
607.68nm,0.0
607.68nm,0.0
607.68nm,0.0
607.68nm,0.0
607.68nm,0.0
607.68nm,0.0
609.82nm,0.0
609.82nm,0.0
609.82nm,0.0
609.82nm,0.0
609.82nm,0.0
609.82nm,0.0
609.82nm,0.0
609.82nm,0.0
609.82nm,0.0
611.96nm,0.0
611.96nm,0.0
611.96nm,0.0
611.96nm,0.0
611.96nm,0.0
611.96nm,0.0
611.96nm,0.0
611.96nm,0.0
611.96nm,0.0
614.11nm,0.0
614.11nm,0.0
614.11nm,0.0
614.11nm,0.0
614.11nm,0.0
614.11nm,0.0
614.11nm,0.0
614.11nm,0.0
614.11nm,0.0
616.25nm,0.0
616.25nm,0.0
616.25nm,0.0
616.25nm,0.0
616.25nm,0.0
616.25nm,0.0
616.25nm,0.0
616.25nm,0.0
616.25nm,0.0
618.39nm,0.0
618.39nm,0.0
618.39nm,0.0
618.39nm,0.0
618.39nm,0.0
618.39nm,0.0
618.39nm,0.0
618.39nm,0.0
620.54nm,0.0
620.54nm,0.0
620.54nm,0.0
620.54nm,0.0
620.54nm,0.0
620.54nm,0.0
620.54nm,0.0
620.54nm,0.0
620.54nm,0.0
622.68nm,0.0
622.68nm,0.0
622.68nm,0.0
622.68nm,0.0
622.68nm,0.0
622.68nm,0.0
622.68nm,0.0
622.68nm,0.0
622.68nm,0.0
624.83nm,0.0
624.83nm,0.0
624.83nm,0.0
624.83nm,0.0
624.83nm,0.0
624.83nm,0.0
624.83nm,0.0
624.83nm,0.0
624.83nm,0.0
626.97nm,0.0
626.97nm,0.0
626.97nm,0.0
626.97nm,0.0
626.97nm,0.0
626.97nm,0.0
626.97nm,0.0
626.97nm,0.0
626.97nm,0.0
629.11nm,0.0
629.11nm,0.0
629.11nm,0.0
629.11nm,0.0
629.11nm,0.0
629.11nm,0.0
629.11nm,0.0
629.11nm,0.0
631.26nm,0.0
631.26nm,0.0
631.26nm,0.0
631.26nm,0.0
631.26nm,0.0
631.26nm,0.0
631.26nm,0.0
631.26nm,0.0
633.40nm,0.0
633.40nm,0.0
633.40nm,0.0
633.40nm,0.0
633.40nm,0.0
633.40nm,0.0
633.40nm,0.0
633.40nm,0.0
635.55nm,0.0
635.55nm,0.0
635.55nm,0.0
635.55nm,0.0
635.55nm,0.0
635.55nm,0.0
635.55nm,0.0
635.55nm,0.0
637.69nm,0.0
637.69nm,0.0
637.69nm,0.0
637.69nm,0.0
637.69nm,0.0
637.69nm,0.0
637.69nm,0.0
637.69nm,0.0
639.83nm,0.0
639.83nm,0.0
639.83nm,0.0
639.83nm,0.0
639.83nm,0.0
639.83nm,0.0
639.83nm,0.0
639.83nm,0.0
641.98nm,0.0
641.98nm,0.0
641.98nm,0.0
641.98nm,0.0
641.98nm,0.0
641.98nm,0.0
641.98nm,0.0
641.98nm,0.0
644.12nm,0.0
644.12nm,0.0
644.12nm,0.0
644.12nm,0.0
644.12nm,0.0
644.12nm,0.0
644.12nm,0.0
644.12nm,0.0
646.26nm,0.0
646.26nm,0.0
646.26nm,0.0
646.26nm,0.0
646.26nm,0.0
646.26nm,0.0
646.26nm,0.0
646.26nm,0.0
648.41nm,0.0
648.41nm,0.0
648.41nm,0.0
648.41nm,0.0
648.41nm,0.0
648.41nm,0.0
648.41nm,0.0
648.41nm,0.0
650.55nm,0.0
650.55nm,0.0
650.55nm,0.0
650.55nm,0.0
650.55nm,0.0
650.55nm,0.0
650.55nm,0.0
650.55nm,0.0
652.70nm,0.0
652.70nm,0.0
652.70nm,0.0
652.70nm,0.0
652.70nm,0.0
652.70nm,0.0
652.70nm,0.0
654.84nm,0.0
654.84nm,0.0
654.84nm,0.0
654.84nm,0.0
654.84nm,0.0
654.84nm,0.0
654.84nm,0.0
654.84nm,0.0
656.98nm,0.0
656.98nm,0.0
656.98nm,0.0
656.98nm,0.0
656.98nm,0.0
656.98nm,0.0
656.98nm,0.0
656.98nm,0.0
659.13nm,0.0
659.13nm,0.0
659.13nm,0.0
659.13nm,0.0
659.13nm,0.0
659.13nm,0.0
659.13nm,0.0
659.13nm,0.0
661.27nm,0.0
661.27nm,0.0
661.27nm,0.0
661.27nm,0.0
661.27nm,0.0
661.27nm,0.0
661.27nm,0.0
663.41nm,0.0
663.41nm,0.0
663.41nm,0.0
663.41nm,0.0
663.41nm,0.0
663.41nm,0.0
665.56nm,0.0
665.56nm,0.0
665.56nm,0.0
665.56nm,0.0
665.56nm,0.0
665.56nm,0.0
665.56nm,0.0
665.56nm,0.0
667.70nm,0.0
667.70nm,0.0
667.70nm,0.0
667.70nm,0.0
667.70nm,0.0
667.70nm,0.0
667.70nm,0.0
669.85nm,0.0
669.85nm,0.0
669.85nm,0.0
669.85nm,0.0
669.85nm,0.0
669.85nm,0.0
669.85nm,0.0
669.85nm,0.0
671.99nm,0.0
671.99nm,0.0
671.99nm,0.0
671.99nm,0.0
671.99nm,0.0
671.99nm,0.0
671.99nm,0.0
671.99nm,0.0
674.13nm,0.0
674.13nm,0.0
674.13nm,0.0
674.13nm,0.0
674.13nm,0.0
674.13nm,0.0
674.13nm,0.0
674.13nm,0.0
676.28nm,0.0
676.28nm,0.0
676.28nm,0.0
676.28nm,0.0
676.28nm,0.0
676.28nm,0.0
678.42nm,0.0
678.42nm,0.0
678.42nm,0.0
678.42nm,0.0
680.57nm,0.0
680.57nm,0.0
680.57nm,0.0
680.57nm,0.0
680.57nm,0.0
680.57nm,0.0
682.71nm,0.0
682.71nm,0.0
682.71nm,0.0
682.71nm,0.0
682.71nm,0.0
684.85nm,0.0
684.85nm,0.0
684.85nm,0.0
684.85nm,0.0
684.85nm,0.0
687.00nm,0.0
687.00nm,0.0
687.00nm,0.0
687.00nm,0.0
687.00nm,0.0
689.14nm,0.0
689.14nm,0.0
689.14nm,0.0
689.14nm,0.0
689.14nm,0.0
689.14nm,0.0
689.14nm,0.0
691.28nm,0.0
691.28nm,0.0
691.28nm,0.0
691.28nm,0.0
691.28nm,0.0
691.28nm,0.0
691.28nm,0.0
693.43nm,0.0
693.43nm,0.0
693.43nm,0.0
693.43nm,0.0
693.43nm,0.0
693.43nm,0.0
693.43nm,0.0
693.43nm,0.0
695.57nm,0.0
695.57nm,0.0
1010.71nm,0.0
695.57nm,0.0
695.57nm,0.0
695.57nm,0.0
695.57nm,0.0
1010.71nm,0.0
695.57nm,0.0
697.72nm,0.0
697.72nm,0.0
1010.71nm,0.0
697.72nm,0.0
697.72nm,0.0
697.72nm,0.0
697.72nm,0.0
1010.71nm,0.0
697.72nm,0.0
699.86nm,0.0
699.86nm,0.0
1010.71nm,0.0
699.86nm,0.0
699.86nm,0.0
699.86nm,0.0
699.86nm,0.0
1010.71nm,0.0
699.86nm,0.0
702.00nm,0.0
702.00nm,0.0
1010.71nm,0.0
702.00nm,0.0
702.00nm,0.0
702.00nm,0.0
702.00nm,0.0
1010.71nm,0.0
702.00nm,0.0
704.15nm,0.0
704.15nm,0.0
704.15nm,0.0
704.15nm,0.0
704.15nm,0.0
704.15nm,0.0
704.15nm,0.0
1010.71nm,0.0
704.15nm,0.0
706.29nm,0.0
706.29nm,0.0
706.29nm,0.0
706.29nm,0.0
706.29nm,0.0
706.29nm,0.0
706.29nm,0.0
1012.86nm,0.0
706.29nm,0.0
708.43nm,0.0
708.43nm,0.0
708.43nm,0.0
708.43nm,0.0
708.43nm,0.0
708.43nm,0.0
708.43nm,0.0
1012.86nm,0.0
708.43nm,0.0
710.58nm,0.0
710.58nm,0.0
710.58nm,0.0
710.58nm,0.0
710.58nm,0.0
710.58nm,0.0
710.58nm,0.0
1012.86nm,0.0
710.58nm,0.0
712.72nm,0.0
712.72nm,0.0
712.72nm,0.0
712.72nm,0.0
712.72nm,0.0
712.72nm,0.0
712.72nm,0.0
1012.86nm,0.0
712.72nm,0.0
714.87nm,0.0
714.87nm,0.0
714.87nm,0.0
714.87nm,0.0
714.87nm,0.0
714.87nm,0.0
714.87nm,0.0
1012.86nm,0.0
714.87nm,0.0
717.01nm,0.0
717.01nm,0.0
717.01nm,0.0
717.01nm,0.0
717.01nm,0.0
717.01nm,0.0
717.01nm,0.0
376.14nm,0.0
717.01nm,0.0
719.15nm,0.0
719.15nm,0.0
719.15nm,0.0
719.15nm,0.0
719.15nm,0.0
719.15nm,0.0
719.15nm,0.0
376.14nm,0.0
719.15nm,0.0
721.30nm,0.0
721.30nm,0.0
721.30nm,0.0
721.30nm,0.0
721.30nm,0.0
721.30nm,0.0
721.30nm,0.0
378.29nm,0.0
721.30nm,0.0
723.44nm,0.0
723.44nm,0.0
723.44nm,0.0
723.44nm,0.0
723.44nm,0.0
723.44nm,0.0
723.44nm,0.0
378.29nm,0.0
723.44nm,0.0
725.59nm,0.0
725.59nm,0.0
725.59nm,0.0
725.59nm,0.0
725.59nm,0.0
725.59nm,0.0
725.59nm,0.0
725.59nm,0.0
725.59nm,0.0
727.73nm,0.0
727.73nm,0.0
727.73nm,0.0
727.73nm,0.0
727.73nm,0.0
727.73nm,0.0
727.73nm,0.0
727.73nm,0.0
727.73nm,0.0
729.87nm,0.0
729.87nm,0.0
729.87nm,0.0
729.87nm,0.0
729.87nm,0.0
729.87nm,0.0
729.87nm,0.0
729.87nm,0.0
729.87nm,0.0
732.02nm,0.0
732.02nm,0.0
732.02nm,0.0
732.02nm,0.0
732.02nm,0.0
732.02nm,0.0
732.02nm,0.0
378.29nm,0.0
732.02nm,0.0
734.16nm,0.0
734.16nm,0.0
734.16nm,0.0
734.16nm,0.0
734.16nm,0.0
734.16nm,0.0
734.16nm,0.0
734.16nm,0.0
734.16nm,0.0
736.30nm,0.0
736.30nm,0.0
736.30nm,0.0
736.30nm,0.0
736.30nm,0.0
736.30nm,0.0
736.30nm,0.0
378.29nm,0.0
736.30nm,0.0
738.45nm,0.0
738.45nm,0.0
738.45nm,0.0
738.45nm,0.0
738.45nm,0.0
738.45nm,0.0
738.45nm,0.0
738.45nm,0.0
738.45nm,0.0
740.59nm,0.0
740.59nm,0.0
740.59nm,0.0
740.59nm,0.0
740.59nm,0.0
740.59nm,0.0
740.59nm,0.0
740.59nm,0.0
740.59nm,0.0
742.74nm,0.0
742.74nm,0.0
742.74nm,0.0
742.74nm,0.0
742.74nm,0.0
742.74nm,0.0
742.74nm,0.0
742.74nm,0.0
742.74nm,0.0
744.88nm,0.0
744.88nm,0.0
744.88nm,0.0
744.88nm,0.0
744.88nm,0.0
744.88nm,0.0
744.88nm,0.0
744.88nm,0.0
744.88nm,0.0
747.02nm,0.0
747.02nm,0.0
747.02nm,0.0
747.02nm,0.0
747.02nm,0.0
747.02nm,0.0
747.02nm,0.0
747.02nm,0.0
747.02nm,0.0
749.17nm,0.0
749.17nm,0.0
749.17nm,0.0
749.17nm,0.0
749.17nm,0.0
749.17nm,0.0
749.17nm,0.0
749.17nm,0.0
749.17nm,0.0
751.31nm,0.0
751.31nm,0.0
751.31nm,0.0
751.31nm,0.0
751.31nm,0.0
751.31nm,0.0
751.31nm,0.0
751.31nm,0.0
751.31nm,0.0
753.45nm,0.0
753.45nm,0.0
753.45nm,0.0
753.45nm,0.0
753.45nm,0.0
753.45nm,0.0
753.45nm,0.0
753.45nm,0.0
753.45nm,0.0
755.60nm,0.0
755.60nm,0.0
755.60nm,0.0
755.60nm,0.0
755.60nm,0.0
755.60nm,0.0
755.60nm,0.0
755.60nm,0.0
755.60nm,0.0
757.74nm,0.0
757.74nm,0.0
757.74nm,0.0
757.74nm,0.0
757.74nm,0.0
757.74nm,0.0
757.74nm,0.0
757.74nm,0.0
757.74nm,0.0
759.89nm,0.0
759.89nm,0.0
759.89nm,0.0
759.89nm,0.0
759.89nm,0.0
759.89nm,0.0
759.89nm,0.0
759.89nm,0.0
759.89nm,0.0
762.03nm,0.0
762.03nm,0.0
762.03nm,0.0
762.03nm,0.0
762.03nm,0.0
762.03nm,0.0
762.03nm,0.0
762.03nm,0.0
762.03nm,0.0
764.17nm,0.0
764.17nm,0.0
764.17nm,0.0
764.17nm,0.0
764.17nm,0.0
764.17nm,0.0
764.17nm,0.0
764.17nm,0.0
764.17nm,0.0
766.32nm,0.0
766.32nm,0.0
766.32nm,0.0
766.32nm,0.0
766.32nm,0.0
766.32nm,0.0
766.32nm,0.0
766.32nm,0.0
766.32nm,0.0
768.46nm,0.0
768.46nm,0.0
768.46nm,0.0
768.46nm,0.0
768.46nm,0.0
768.46nm,0.0
768.46nm,0.0
768.46nm,0.0
768.46nm,0.0
770.61nm,0.0
770.61nm,0.0
770.61nm,0.0
770.61nm,0.0
770.61nm,0.0
770.61nm,0.0
770.61nm,0.0
770.61nm,0.0
770.61nm,0.0
772.75nm,0.0
772.75nm,0.0
772.75nm,0.0
772.75nm,0.0
772.75nm,0.0
772.75nm,0.0
772.75nm,0.0
772.75nm,0.0
772.75nm,0.0
774.89nm,0.0
774.89nm,0.0
774.89nm,0.0
774.89nm,0.0
774.89nm,0.0
774.89nm,0.0
774.89nm,0.0
774.89nm,0.0
774.89nm,0.0
777.04nm,0.0
777.04nm,0.0
777.04nm,0.0
777.04nm,0.0
777.04nm,0.0
777.04nm,0.0
777.04nm,0.0
777.04nm,0.0
777.04nm,0.0
779.18nm,0.0
779.18nm,0.0
779.18nm,0.0
779.18nm,0.0
779.18nm,0.0
779.18nm,0.0
779.18nm,0.0
779.18nm,0.0
378.29nm,0.0
781.32nm,0.0
781.32nm,0.0
781.32nm,0.0
781.32nm,0.0
781.32nm,0.0
781.32nm,0.0
781.32nm,0.0
781.32nm,0.0
781.32nm,0.0
783.47nm,0.0
783.47nm,0.0
783.47nm,0.0
783.47nm,0.0
783.47nm,0.0
783.47nm,0.0
783.47nm,0.0
783.47nm,0.0
378.29nm,0.0
785.61nm,0.0
785.61nm,0.0
785.61nm,0.0
785.61nm,0.0
785.61nm,0.0
785.61nm,0.0
785.61nm,0.0
785.61nm,0.0
380.43nm,0.0
787.76nm,0.0
787.76nm,0.0
787.76nm,0.0
787.76nm,0.0
787.76nm,0.0
787.76nm,0.0
787.76nm,0.0
787.76nm,0.0
380.43nm,0.0
789.90nm,0.0
789.90nm,0.0
789.90nm,0.0
789.90nm,0.0
789.90nm,0.0
789.90nm,0.0
789.90nm,0.0
789.90nm,0.0
789.90nm,0.0
792.04nm,0.0
792.04nm,0.0
792.04nm,0.0
792.04nm,0.0
792.04nm,0.0
792.04nm,0.0
792.04nm,0.0
792.04nm,0.0
380.43nm,0.0
794.19nm,0.0
794.19nm,0.0
794.19nm,0.0
794.19nm,0.0
794.19nm,0.0
794.19nm,0.0
794.19nm,0.0
794.19nm,0.0
794.19nm,0.0
796.33nm,0.0
796.33nm,0.0
796.33nm,0.0
796.33nm,0.0
796.33nm,0.0
796.33nm,0.0
796.33nm,0.0
796.33nm,0.0
380.43nm,0.0
798.47nm,0.0
798.47nm,0.0
798.47nm,0.0
798.47nm,0.0
798.47nm,0.0
798.47nm,0.0
798.47nm,0.0
798.47nm,0.0
798.47nm,0.0
800.62nm,0.0
800.62nm,0.0
800.62nm,0.0
800.62nm,0.0
800.62nm,0.0
800.62nm,0.0
800.62nm,0.0
800.62nm,0.0
380.43nm,0.0
802.76nm,0.0
802.76nm,0.0
802.76nm,0.0
802.76nm,0.0
802.76nm,0.0
802.76nm,0.0
802.76nm,0.0
802.76nm,0.0
380.43nm,0.0
804.91nm,0.0
804.91nm,0.0
804.91nm,0.0
804.91nm,0.0
804.91nm,0.0
804.91nm,0.0
804.91nm,0.0
804.91nm,0.0
380.43nm,0.0
807.05nm,0.0
807.05nm,0.0
807.05nm,0.0
807.05nm,0.0
807.05nm,0.0
807.05nm,0.0
807.05nm,0.0
380.43nm,0.0
380.43nm,0.0
809.19nm,0.0
809.19nm,0.0
809.19nm,0.0
809.19nm,0.0
809.19nm,0.0
809.19nm,0.0
809.19nm,0.0
382.58nm,0.0
382.58nm,0.0
811.34nm,0.0
811.34nm,0.0
811.34nm,0.0
811.34nm,0.0
811.34nm,0.0
811.34nm,0.0
811.34nm,0.0
382.58nm,0.0
382.58nm,0.0
813.48nm,0.0
813.48nm,0.0
813.48nm,0.0
813.48nm,0.0
813.48nm,0.0
813.48nm,0.0
813.48nm,0.0
382.58nm,0.0
382.58nm,0.0
815.63nm,0.0
815.63nm,0.0
815.63nm,0.0
815.63nm,0.0
815.63nm,0.0
815.63nm,0.0
815.63nm,0.0
382.58nm,0.0
382.58nm,0.0
817.77nm,0.0
817.77nm,0.0
817.77nm,0.0
817.77nm,0.0
817.77nm,0.0
817.77nm,0.0
817.77nm,0.0
384.72nm,0.0
384.72nm,0.0
819.91nm,0.0
819.91nm,0.0
819.91nm,0.0
819.91nm,0.0
819.91nm,0.0
819.91nm,0.0
819.91nm,0.0
384.72nm,0.0
384.72nm,0.0
822.06nm,0.0
822.06nm,0.0
822.06nm,0.0
822.06nm,0.0
822.06nm,0.0
822.06nm,0.0
822.06nm,0.0
384.72nm,0.0
384.72nm,0.0
824.20nm,0.0
824.20nm,0.0
824.20nm,0.0
824.20nm,0.0
824.20nm,0.0
824.20nm,0.0
824.20nm,0.0
384.72nm,0.0
384.72nm,0.0
826.34nm,0.0
386.86nm,0.0
826.34nm,0.0
826.34nm,0.0
826.34nm,0.0
826.34nm,0.0
826.34nm,0.0
386.86nm,0.0
386.86nm,0.0
828.49nm,0.0
828.49nm,0.0
828.49nm,0.0
828.49nm,0.0
828.49nm,0.0
828.49nm,0.0
828.49nm,0.0
386.86nm,0.0
386.86nm,0.0
830.63nm,0.0
386.86nm,0.0
830.63nm,0.0
830.63nm,0.0
830.63nm,0.0
830.63nm,0.0
830.63nm,0.0
830.63nm,0.0
389.01nm,0.0
832.78nm,0.0
832.78nm,0.0
832.78nm,0.0
832.78nm,0.0
832.78nm,0.0
832.78nm,0.0
832.78nm,0.0
389.01nm,0.0
389.01nm,0.0
834.92nm,0.0
834.92nm,0.0
834.92nm,0.0
834.92nm,0.0
834.92nm,0.0
834.92nm,0.0
834.92nm,0.0
834.92nm,0.0
389.01nm,0.0
837.06nm,0.0
837.06nm,0.0
837.06nm,0.0
837.06nm,0.0
837.06nm,0.0
837.06nm,0.0
837.06nm,0.0
837.06nm,0.0
389.01nm,0.0
839.21nm,0.0
839.21nm,0.0
839.21nm,0.0
839.21nm,0.0
839.21nm,0.0
839.21nm,0.0
839.21nm,0.0
839.21nm,0.0
389.01nm,0.0
841.35nm,0.0
841.35nm,0.0
841.35nm,0.0
841.35nm,0.0
841.35nm,0.0
841.35nm,0.0
841.35nm,0.0
841.35nm,0.0
389.01nm,0.0
843.49nm,0.0
843.49nm,0.0
843.49nm,0.0
843.49nm,0.0
843.49nm,0.0
843.49nm,0.0
843.49nm,0.0
843.49nm,0.0
843.49nm,0.0
845.64nm,0.0
845.64nm,0.0
845.64nm,0.0
845.64nm,0.0
845.64nm,0.0
845.64nm,0.0
845.64nm,0.0
845.64nm,0.0
845.64nm,0.0
847.78nm,0.0
847.78nm,0.0
847.78nm,0.0
847.78nm,0.0
847.78nm,0.0
847.78nm,0.0
847.78nm,0.0
847.78nm,0.0
847.78nm,0.0
849.93nm,0.0
849.93nm,0.0
849.93nm,0.0
849.93nm,0.0
849.93nm,0.0
849.93nm,0.0
849.93nm,0.0
849.93nm,0.0
389.01nm,0.0
852.07nm,0.0
852.07nm,0.0
852.07nm,0.0
852.07nm,0.0
852.07nm,0.0
852.07nm,0.0
852.07nm,0.0
852.07nm,0.0
389.01nm,0.0
854.21nm,0.0
854.21nm,0.0
854.21nm,0.0
854.21nm,0.0
854.21nm,0.0
854.21nm,0.0
854.21nm,0.0
854.21nm,0.0
391.15nm,0.0
856.36nm,0.0
391.15nm,0.0
391.15nm,0.0
856.36nm,0.0
856.36nm,0.0
856.36nm,0.0
856.36nm,0.0
856.36nm,0.0
391.15nm,0.0
858.50nm,0.0
858.50nm,0.0
858.50nm,0.0
858.50nm,0.0
858.50nm,0.0
858.50nm,0.0
858.50nm,0.0
858.50nm,0.0
391.15nm,0.0
860.65nm,0.0
391.15nm,0.0
860.65nm,0.0
860.65nm,0.0
860.65nm,0.0
860.65nm,0.0
860.65nm,0.0
860.65nm,0.0
391.15nm,0.0
862.79nm,0.0
391.15nm,0.0
862.79nm,0.0
862.79nm,0.0
862.79nm,0.0
862.79nm,0.0
862.79nm,0.0
862.79nm,0.0
393.29nm,0.0
864.93nm,0.0
864.93nm,0.0
864.93nm,0.0
864.93nm,0.0
864.93nm,0.0
864.93nm,0.0
864.93nm,0.0
864.93nm,0.0
393.29nm,0.0
867.08nm,0.0
393.29nm,0.0
867.08nm,0.0
867.08nm,0.0
867.08nm,0.0
867.08nm,0.0
867.08nm,0.0
867.08nm,0.0
393.29nm,0.0
869.22nm,0.0
393.29nm,0.0
869.22nm,0.0
869.22nm,0.0
869.22nm,0.0
869.22nm,0.0
869.22nm,0.0
869.22nm,0.0
393.29nm,0.0
871.36nm,0.0
393.29nm,0.0
871.36nm,0.0
871.36nm,0.0
871.36nm,0.0
871.36nm,0.0
871.36nm,0.0
871.36nm,0.0
393.29nm,0.0
873.51nm,0.0
393.29nm,0.0
873.51nm,0.0
873.51nm,0.0
873.51nm,0.0
873.51nm,0.0
873.51nm,0.0
873.51nm,0.0
395.44nm,0.0
875.65nm,0.0
395.44nm,0.0
875.65nm,0.0
875.65nm,0.0
875.65nm,0.0
875.65nm,0.0
875.65nm,0.0
395.44nm,0.0
395.44nm,0.0
877.80nm,0.0
395.44nm,0.0
877.80nm,0.0
877.80nm,0.0
877.80nm,0.0
877.80nm,0.0
877.80nm,0.0
877.80nm,0.0
395.44nm,0.0
879.94nm,0.0
395.44nm,0.0
879.94nm,0.0
879.94nm,0.0
879.94nm,0.0
879.94nm,0.0
879.94nm,0.0
395.44nm,0.0
395.44nm,0.0
882.08nm,0.0
882.08nm,0.0
882.08nm,0.0
882.08nm,0.0
882.08nm,0.0
882.08nm,0.0
882.08nm,0.0
397.58nm,0.0
397.58nm,0.0
884.23nm,0.0
884.23nm,0.0
884.23nm,0.0
884.23nm,0.0
884.23nm,0.0
884.23nm,0.0
884.23nm,0.0
884.23nm,0.0
397.58nm,0.0
886.37nm,0.0
886.37nm,0.0
886.37nm,0.0
886.37nm,0.0
886.37nm,0.0
886.37nm,0.0
886.37nm,0.0
397.58nm,0.0
397.58nm,0.0
888.52nm,0.0
888.52nm,0.0
888.52nm,0.0
888.52nm,0.0
888.52nm,0.0
888.52nm,0.0
888.52nm,0.0
397.58nm,0.0
397.58nm,0.0
890.66nm,0.0
890.66nm,0.0
890.66nm,0.0
890.66nm,0.0
890.66nm,0.0
890.66nm,0.0
890.66nm,0.0
397.58nm,0.0
397.58nm,0.0
892.80nm,0.0
892.80nm,0.0
892.80nm,0.0
892.80nm,0.0
892.80nm,0.0
892.80nm,0.0
892.80nm,0.0
399.73nm,0.0
399.73nm,0.0
894.95nm,0.0
894.95nm,0.0
894.95nm,0.0
894.95nm,0.0
894.95nm,0.0
894.95nm,0.0
894.95nm,0.0
399.73nm,0.0
399.73nm,0.0
897.09nm,0.0
897.09nm,0.0
897.09nm,0.0
897.09nm,0.0
897.09nm,0.0
897.09nm,0.0
897.09nm,0.0
399.73nm,0.0
399.73nm,0.0
899.23nm,0.0
899.23nm,0.0
899.23nm,0.0
899.23nm,0.0
899.23nm,0.0
899.23nm,0.0
899.23nm,0.0
399.73nm,0.0
399.73nm,0.0
901.38nm,0.0
901.38nm,0.0
901.38nm,0.0
901.38nm,0.0
901.38nm,0.0
901.38nm,0.0
901.38nm,0.0
901.38nm,0.0
401.87nm,0.0
903.52nm,0.0
903.52nm,0.0
903.52nm,0.0
903.52nm,0.0
903.52nm,0.0
903.52nm,0.0
903.52nm,0.0
401.87nm,0.0
401.87nm,0.0
905.67nm,0.0
905.67nm,0.0
905.67nm,0.0
905.67nm,0.0
905.67nm,0.0
905.67nm,0.0
905.67nm,0.0
905.67nm,0.0
401.87nm,0.0
907.81nm,0.0
907.81nm,0.0
907.81nm,0.0
907.81nm,0.0
907.81nm,0.0
907.81nm,0.0
907.81nm,0.0
401.87nm,0.0
401.87nm,0.0
909.95nm,0.0
909.95nm,0.0
909.95nm,0.0
909.95nm,0.0
909.95nm,0.0
909.95nm,0.0
909.95nm,0.0
401.87nm,0.0
401.87nm,0.0
912.10nm,0.0
912.10nm,0.0
912.10nm,0.0
912.10nm,0.0
912.10nm,0.0
912.10nm,0.0
912.10nm,0.0
401.87nm,0.0
404.01nm,0.0
914.24nm,0.0
914.24nm,0.0
914.24nm,0.0
914.24nm,0.0
914.24nm,0.0
914.24nm,0.0
914.24nm,0.0
914.24nm,0.0
914.24nm,0.0
916.38nm,0.0
916.38nm,0.0
916.38nm,0.0
916.38nm,0.0
916.38nm,0.0
916.38nm,0.0
916.38nm,0.0
404.01nm,0.0
916.38nm,0.0
918.53nm,0.0
918.53nm,0.0
918.53nm,0.0
918.53nm,0.0
918.53nm,0.0
918.53nm,0.0
918.53nm,0.0
404.01nm,0.0
918.53nm,0.0
920.67nm,0.0
920.67nm,0.0
920.67nm,0.0
920.67nm,0.0
920.67nm,0.0
920.67nm,0.0
920.67nm,0.0
404.01nm,0.0
920.67nm,0.0
922.82nm,0.0
922.82nm,0.0
922.82nm,0.0
922.82nm,0.0
922.82nm,0.0
922.82nm,0.0
922.82nm,0.0
404.01nm,0.0
922.82nm,0.0
924.96nm,0.0
924.96nm,0.0
924.96nm,0.0
924.96nm,0.0
924.96nm,0.0
924.96nm,0.0
924.96nm,0.0
404.01nm,0.0
924.96nm,0.0
927.10nm,0.0
927.10nm,0.0
927.10nm,0.0
927.10nm,0.0
927.10nm,0.0
927.10nm,0.0
927.10nm,0.0
927.10nm,0.0
927.10nm,0.0
929.25nm,0.0
929.25nm,0.0
929.25nm,0.0
929.25nm,0.0
929.25nm,0.0
929.25nm,0.0
929.25nm,0.0
929.25nm,0.0
929.25nm,0.0
931.39nm,0.0
931.39nm,0.0
931.39nm,0.0
931.39nm,0.0
931.39nm,0.0
931.39nm,0.0
931.39nm,0.0
404.01nm,0.0
931.39nm,0.0
933.54nm,0.0
933.54nm,0.0
933.54nm,0.0
933.54nm,0.0
933.54nm,0.0
933.54nm,0.0
933.54nm,0.0
933.54nm,0.0
933.54nm,0.0
935.68nm,0.0
935.68nm,0.0
935.68nm,0.0
935.68nm,0.0
935.68nm,0.0
935.68nm,0.0
935.68nm,0.0
856.36nm,0.0
935.68nm,0.0
937.82nm,0.0
937.82nm,0.0
937.82nm,0.0
404.01nm,0.0
937.82nm,0.0
937.82nm,0.0
937.82nm,0.0
937.82nm,0.0
937.82nm,0.0
939.97nm,0.0
939.97nm,0.0
406.16nm,0.0
939.97nm,0.0
939.97nm,0.0
939.97nm,0.0
939.97nm,0.0
939.97nm,0.0
406.16nm,0.0
942.11nm,0.0
406.16nm,0.0
406.16nm,0.0
942.11nm,0.0
942.11nm,0.0
942.11nm,0.0
942.11nm,0.0
942.11nm,0.0
942.11nm,0.0
944.25nm,0.0
406.16nm,0.0
944.25nm,0.0
944.25nm,0.0
944.25nm,0.0
406.16nm,0.0
944.25nm,0.0
944.25nm,0.0
406.16nm,0.0
946.40nm,0.0
406.16nm,0.0
946.40nm,0.0
946.40nm,0.0
946.40nm,0.0
406.16nm,0.0
946.40nm,0.0
946.40nm,0.0
946.40nm,0.0
948.54nm,0.0
408.30nm,0.0
948.54nm,0.0
948.54nm,0.0
948.54nm,0.0
408.30nm,0.0
948.54nm,0.0
948.54nm,0.0
408.30nm,0.0
950.69nm,0.0
408.30nm,0.0
950.69nm,0.0
950.69nm,0.0
950.69nm,0.0
408.30nm,0.0
950.69nm,0.0
950.69nm,0.0
408.30nm,0.0
952.83nm,0.0
952.83nm,0.0
952.83nm,0.0
952.83nm,0.0
952.83nm,0.0
408.30nm,0.0
952.83nm,0.0
952.83nm,0.0
408.30nm,0.0
954.97nm,0.0
954.97nm,0.0
954.97nm,0.0
954.97nm,0.0
954.97nm,0.0
410.44nm,0.0
954.97nm,0.0
954.97nm,0.0
954.97nm,0.0
957.12nm,0.0
957.12nm,0.0
957.12nm,0.0
957.12nm,0.0
957.12nm,0.0
957.12nm,0.0
957.12nm,0.0
957.12nm,0.0
957.12nm,0.0
959.26nm,0.0
959.26nm,0.0
959.26nm,0.0
959.26nm,0.0
959.26nm,0.0
410.44nm,0.0
959.26nm,0.0
959.26nm,0.0
959.26nm,0.0
961.40nm,0.0
961.40nm,0.0
961.40nm,0.0
961.40nm,0.0
961.40nm,0.0
410.44nm,0.0
961.40nm,0.0
961.40nm,0.0
410.44nm,0.0
963.55nm,0.0
963.55nm,0.0
963.55nm,0.0
963.55nm,0.0
963.55nm,0.0
410.44nm,0.0
963.55nm,0.0
963.55nm,0.0
963.55nm,0.0
965.69nm,0.0
965.69nm,0.0
965.69nm,0.0
965.69nm,0.0
965.69nm,0.0
410.44nm,0.0
965.69nm,0.0
965.69nm,0.0
965.69nm,0.0
967.84nm,0.0
967.84nm,0.0
967.84nm,0.0
410.44nm,0.0
967.84nm,0.0
967.84nm,0.0
967.84nm,0.0
967.84nm,0.0
967.84nm,0.0
969.98nm,0.0
969.98nm,0.0
969.98nm,0.0
969.98nm,0.0
969.98nm,0.0
969.98nm,0.0
969.98nm,0.0
969.98nm,0.0
969.98nm,0.0
972.12nm,0.0
972.12nm,0.0
972.12nm,0.0
412.59nm,0.0
972.12nm,0.0
972.12nm,0.0
972.12nm,0.0
972.12nm,0.0
412.59nm,0.0
974.27nm,0.0
974.27nm,0.0
974.27nm,0.0
974.27nm,0.0
974.27nm,0.0
412.59nm,0.0
974.27nm,0.0
974.27nm,0.0
974.27nm,0.0
976.41nm,0.0
976.41nm,0.0
976.41nm,0.0
976.41nm,0.0
976.41nm,0.0
412.59nm,0.0
976.41nm,0.0
976.41nm,0.0
976.41nm,0.0
978.56nm,0.0
978.56nm,0.0
978.56nm,0.0
978.56nm,0.0
978.56nm,0.0
412.59nm,0.0
978.56nm,0.0
978.56nm,0.0
978.56nm,0.0
980.70nm,0.0
980.70nm,0.0
980.70nm,0.0
412.59nm,0.0
980.70nm,0.0
412.59nm,0.0
980.70nm,0.0
980.70nm,0.0
980.70nm,0.0
982.84nm,0.0
982.84nm,0.0
982.84nm,0.0
982.84nm,0.0
982.84nm,0.0
982.84nm,0.0
982.84nm,0.0
982.84nm,0.0
982.84nm,0.0
984.99nm,0.0
984.99nm,0.0
984.99nm,0.0
412.59nm,0.0
984.99nm,0.0
984.99nm,0.0
984.99nm,0.0
984.99nm,0.0
984.99nm,0.0
987.13nm,0.0
987.13nm,0.0
987.13nm,0.0
987.13nm,0.0
987.13nm,0.0
414.73nm,0.0
987.13nm,0.0
987.13nm,0.0
987.13nm,0.0
989.27nm,0.0
989.27nm,0.0
989.27nm,0.0
414.73nm,0.0
989.27nm,0.0
414.73nm,0.0
989.27nm,0.0
989.27nm,0.0
989.27nm,0.0
991.42nm,0.0
991.42nm,0.0
991.42nm,0.0
991.42nm,0.0
991.42nm,0.0
991.42nm,0.0
991.42nm,0.0
991.42nm,0.0
991.42nm,0.0
993.56nm,0.0
993.56nm,0.0
993.56nm,0.0
414.73nm,0.0
993.56nm,0.0
414.73nm,0.0
993.56nm,0.0
993.56nm,0.0
993.56nm,0.0
995.71nm,0.0
995.71nm,0.0
995.71nm,0.0
995.71nm,0.0
995.71nm,0.0
414.73nm,0.0
995.71nm,0.0
995.71nm,0.0
995.71nm,0.0
997.85nm,0.0
997.85nm,0.0
997.85nm,0.0
997.85nm,0.0
997.85nm,0.0
997.85nm,0.0
997.85nm,0.0
997.85nm,0.0
997.85nm,0.0
999.99nm,0.0
999.99nm,0.0
999.99nm,0.0
999.99nm,0.0
999.99nm,0.0
414.73nm,0.0
999.99nm,0.0
999.99nm,0.0
999.99nm,0.0
1002.14nm,0.0
1002.14nm,0.0
1002.14nm,0.0
414.73nm,0.0
1002.14nm,0.0
414.73nm,0.0
1002.14nm,0.0
1002.14nm,0.0
1002.14nm,0.0
1004.28nm,0.0
1004.28nm,0.0
1004.28nm,0.0
1004.28nm,0.0
1004.28nm,0.0
1004.28nm,0.0
1004.28nm,0.0
1004.28nm,0.0
1004.28nm,0.0
1006.42nm,0.0
1006.42nm,0.0
1006.42nm,0.0
416.88nm,0.0
1006.42nm,0.0
1006.42nm,0.0
1006.42nm,0.0
1006.42nm,0.0
1006.42nm,0.0
1008.57nm,0.0
1008.57nm,0.0
1008.57nm,0.0
416.88nm,0.0
1008.57nm,0.0
416.88nm,0.0
1008.57nm,0.0
1008.57nm,0.0
1012.86nm,0.0
1012.86nm,0.0
1012.86nm,0.0
1015.00nm,0.0
1015.00nm,0.0
1015.00nm,0.0
416.88nm,0.0
1015.00nm,0.0
416.88nm,0.0
1015.00nm,0.0
1015.00nm,0.0
1015.00nm,0.0
spectrum_slope,0.0
total_intensity,0.0
416.88nm,0.0
416.88nm,0.0
374.00nm,0.0
374.00nm,0.0
374.00nm,0.0
374.00nm,0.0
374.00nm,0.0
374.00nm,0.0
374.00nm,0.0
374.00nm,0.0
374.00nm,0.0
376.14nm,0.0
376.14nm,0.0
376.14nm,0.0
416.88nm,0.0
376.14nm,0.0
376.14nm,0.0
376.14nm,0.0
